AYGA,-6.082,145.392
AYMD,-5.207,145.789
AYMH,-5.826,144.296
AYNZ,-6.570,146.726
AYPY,-9.443,147.220
AYWK,-3.584,143.669
BGBW,61.161,-45.427
BGCO,70.739,-22.646
BGGH,64.191,-51.678
BGJN,69.233,-51.067
BGKK,65.583,-37.150
BGSF,67.017,-50.689
BGTL,76.531,-68.703
BIAR,65.660,-18.072
BIEG,65.283,-14.401
BIHN,64.296,-15.227
BIHU,65.952,-17.426
BIIS,66.058,-23.135
BIKF,63.985,-22.606
BIKP,66.314,-16.461
BIPA,65.556,-23.965
BIRK,64.130,-21.941
BISI,66.133,-18.917
BIVM,63.424,-20.279
CYAM,46.485,-84.509
CYAV,50.056,-97.032
CYAW,44.640,-63.499
CYAY,51.392,-56.084
CYAZ,49.082,-125.772
CYBB,68.534,-89.808
CYBC,49.132,-68.207
CYBG,48.331,-70.996
CYBK,64.299,-96.078
CYBL,49.951,-125.271
CYBR,49.910,-99.952
CYCB,69.108,-105.138
CYCD,49.052,-123.870
CYCG,49.296,-117.632
CYCH,47.008,-65.449
CYCL,47.991,-66.331
CYCO,67.817,-115.144
CYCT,52.075,-111.445
CYCW,49.153,-121.939
CYCY,70.486,-68.517
CYCZ,50.332,-115.874
CYDA,64.043,-139.128
CYDB,61.371,-139.041
CYDC,49.468,-120.512
CYDF,49.211,-57.391
CYDL,58.422,-130.032
CYDN,51.101,-100.052
CYDQ,55.742,-120.182
CYED,53.667,-113.467
CYEG,53.310,-113.580
CYEK,61.094,-94.071
CYEN,49.210,-102.966
CYET,53.579,-116.465
CYEU,79.995,-85.813
CYEV,68.304,-133.483
CYFB,63.756,-68.556
CYFC,45.869,-66.532
CYFE,48.746,-69.097
CYFO,54.678,-101.682
CYFR,61.181,-113.690
CYFS,61.760,-121.237
CYGK,44.225,-76.597
CYGL,53.625,-77.704
CYGP,48.775,-64.479
CYGQ,49.778,-86.939
CYGR,47.425,-61.778
CYGW,55.283,-77.767
CYGX,56.350,-94.700
CYHB,52.817,-102.311
CYHD,49.832,-92.744
CYHI,70.763,-117.806
CYHK,68.636,-95.850
CYHM,43.173,-79.935
CYHU,45.517,-73.417
CYHY,60.840,-115.783
CYHZ,44.881,-63.509
CYIB,48.774,-91.639
CYIO,72.683,-77.967
CYJN,45.294,-73.281
CYJT,48.544,-58.550
CYKA,50.702,-120.442
CYKF,43.459,-80.384
CYKL,54.805,-66.805
CYKY,51.517,-109.181
CYKZ,43.862,-79.370
CYLD,47.820,-83.346
CYLJ,54.125,-108.523
CYLL,53.309,-110.072
CYLT,82.518,-62.281
CYLW,49.956,-119.378
CYMA,63.617,-135.867
CYMJ,50.330,-105.559
CYMM,56.653,-111.222
CYMO,51.291,-80.608
CYMW,46.274,-75.990
CYMX,45.680,-74.039
CYNA,50.190,-61.789
CYND,45.521,-75.564
CYNM,49.762,-77.803
CYOC,67.571,-139.839
CYOD,54.405,-110.279
CYOJ,58.621,-117.165
CYOW,45.323,-75.669
CYPA,53.214,-105.673
CYPE,56.227,-117.447
CYPG,49.903,-98.275
CYPK,49.216,-122.710
CYPL,51.446,-90.214
CYPN,49.836,-64.289
CYPQ,44.230,-78.363
CYPR,54.286,-130.445
CYPY,58.767,-111.117
CYQA,44.975,-79.303
CYQB,46.788,-71.398
CYQF,52.179,-113.893
CYQG,42.276,-82.956
CYQH,60.118,-128.822
CYQK,49.788,-94.363
CYQL,49.630,-112.800
CYQM,46.112,-64.679
CYQN,50.183,-86.696
CYQQ,49.711,-124.887
CYQR,50.432,-104.666
CYQT,48.372,-89.324
CYQU,55.180,-118.885
CYQV,51.265,-102.462
CYQW,52.769,-108.244
CYQX,48.937,-54.568
CYQY,46.161,-60.048
CYQZ,53.026,-122.510
CYRB,74.717,-94.969
CYRI,47.764,-69.585
CYRJ,48.520,-72.266
CYRM,52.430,-114.904
CYRT,62.811,-92.116
CYSB,46.625,-80.799
CYSC,45.438,-71.691
CYSJ,45.316,-65.890
CYSM,60.022,-111.960
CYSR,72.982,-84.614
CYSU,46.443,-63.831
CYSY,71.994,-125.243
CYTE,64.230,-76.527
CYTH,55.801,-97.864
CYTR,44.119,-77.528
CYTS,48.570,-81.377
CYTZ,43.627,-79.396
CYUB,69.433,-133.026
CYUL,45.468,-73.741
CYUT,66.521,-86.225
CYUX,68.776,-81.244
CYUY,48.206,-78.836
CYVC,55.151,-105.262
CYVG,53.356,-110.824
CYVM,67.546,-64.031
CYVO,48.053,-77.783
CYVP,58.096,-68.427
CYVQ,65.282,-126.800
CYVR,49.195,-123.182
CYVT,55.842,-108.418
CYVV,44.746,-81.107
CYWA,45.952,-77.319
CYWG,49.910,-97.234
CYWK,52.922,-66.864
CYWL,52.183,-122.054
CYWY,63.209,-123.437
CYXC,49.610,-115.782
CYXD,53.573,-113.521
CYXE,52.171,-106.700
CYXH,50.019,-110.721
CYXJ,56.238,-120.740
CYXL,50.114,-91.904
CYXP,66.145,-65.714
CYXR,47.695,-79.849
CYXS,53.889,-122.679
CYXT,54.466,-128.577
CYXU,43.036,-81.154
CYXX,49.025,-122.363
CYXY,60.709,-135.068
CYYB,46.364,-79.423
CYYC,51.114,-114.020
CYYD,54.825,-127.183
CYYE,58.836,-122.597
CYYF,49.463,-119.602
CYYG,46.290,-63.121
CYYH,69.547,-93.577
CYYJ,48.647,-123.426
CYYL,56.864,-101.076
CYYN,50.292,-107.691
CYYQ,58.739,-94.065
CYYR,53.319,-60.426
CYYT,47.619,-52.752
CYYU,49.414,-82.468
CYYW,50.290,-88.910
CYYY,48.609,-68.208
CYYZ,43.677,-79.631
CYZD,43.742,-79.466
CYZE,45.885,-82.568
CYZF,62.463,-114.440
CYZH,55.293,-114.778
CYZP,53.254,-131.814
CYZR,42.999,-82.309
CYZT,50.681,-127.367
CYZU,54.144,-115.787
CYZV,50.223,-66.266
CYZW,60.173,-132.743
CYZX,44.984,-64.917
CZFA,62.208,-133.376
CZFM,67.408,-134.860
DAAB,36.504,2.814
DAAD,35.333,4.206
DAAE,36.712,5.070
DAAG,36.691,3.215
DAAJ,24.293,9.452
DAAK,36.546,2.876
DAAM,36.109,6.364
DAAN,26.710,0.286
DAAP,26.573,8.484
DAAQ,35.525,2.879
DAAS,36.178,5.324
DAAT,22.811,5.451
DAAV,36.795,5.873
DAAY,33.536,-0.242
DAAZ,35.752,0.626
DABB,36.822,7.809
DABC,36.277,6.624
DABS,35.431,8.121
DAFH,32.930,3.312
DAOB,35.341,1.463
DAOE,35.735,-0.805
DAOF,27.700,-8.167
DAOI,36.213,1.332
DAOL,35.542,-0.532
DAON,35.017,-1.450
DAOO,35.624,-0.621
DAOS,35.172,-0.593
DAOV,35.208,0.147
DAUA,27.837,-0.186
DAUB,34.793,5.738
DAUE,30.571,2.859
DAUG,32.384,3.794
DAUH,31.673,6.140
DAUI,27.251,2.512
DAUK,33.068,6.089
DAUL,33.764,2.927
DAUT,29.237,0.276
DAUU,31.917,5.413
DAUZ,28.051,9.643
DBBB,6.357,2.384
DBBP,9.357,2.609
DFFD,12.353,-1.512
DFOO,11.160,-4.331
DGAA,5.603,-0.168
DGLE,9.563,-0.863
DGLW,10.082,-2.507
DGSN,7.362,-2.329
DGTK,4.893,-1.775
DIAP,5.260,-3.926
DIBK,7.739,-5.074
DIDL,6.792,-6.473
DIKO,9.387,-5.556
DIMN,7.272,-7.587
DISP,4.747,-6.661
DIYO,6.903,-5.366
DNAA,9.007,7.263
DNAK,7.247,5.301
DNBE,6.317,5.599
DNCA,4.976,8.347
DNEN,6.474,7.562
DNGU,12.172,6.696
DNIB,7.362,3.978
DNIL,8.440,4.494
DNJO,9.640,8.869
DNKA,10.696,7.320
DNKN,12.047,8.524
DNMA,11.855,13.081
DNMK,7.704,8.614
DNMM,6.577,3.321
DNMN,9.652,6.462
DNPO,5.015,6.949
DNSO,12.916,5.207
DNYO,9.260,12.430
DNZA,11.130,7.686
DRRM,13.502,7.127
DRRN,13.481,2.184
DRRT,14.876,5.265
DRZA,16.965,7.997
DRZD,18.969,12.869
DRZF,13.373,12.627
DRZR,13.779,8.984
DRZT,14.999,8.767
DTMB,35.758,10.755
DTTA,36.851,10.227
DTTB,37.245,9.791
DTTD,32.306,10.382
DTTF,34.422,8.822
DTTG,33.877,10.103
DTTI,36.721,9.943
DTTJ,33.875,10.775
DTTR,31.704,9.254
DTTX,34.718,10.691
DTTZ,33.940,8.111
DXNG,9.767,1.091
DXXX,6.166,1.254
EBAW,51.190,4.463
EBBE,50.759,4.768
EBBL,51.168,5.471
EBBR,50.902,4.499
EBBT,51.333,4.500
EBBX,49.887,5.229
EBCI,50.459,4.454
EBCV,50.576,3.831
EBFN,51.090,2.653
EBFS,50.244,4.649
EBKT,50.818,3.208
EBLG,50.637,5.443
EBOS,51.199,2.862
EBSL,50.948,5.592
EBST,50.788,5.193
EBUL,51.144,3.474
EBWE,51.395,4.961
EBZR,51.266,4.755
EDAB,51.193,14.520
EDAC,50.982,12.506
EDAD,51.832,12.186
EDAE,52.197,14.586
EDAH,53.879,14.152
EDAK,51.308,13.555
EDAM,51.363,11.941
EDAQ,51.552,12.053
EDAU,51.294,13.359
EDAX,53.306,12.753
EDAY,52.580,13.916
EDAZ,52.203,13.159
EDBC,51.856,11.418
EDBG,35.461,-77.965
EDBH,54.338,12.710
EDBJ,50.917,11.714
EDBK,52.919,12.425
EDBM,52.074,11.626
EDBN,51.328,12.657
EDBR,51.364,14.952
EDCA,53.833,13.669
EDCD,51.889,14.532
EDCK,51.721,11.962
EDCM,51.296,14.129
EDDB,52.380,13.523
EDDC,51.133,13.767
EDDE,50.980,10.958
EDDF,50.026,8.543
EDDG,52.134,7.685
EDDH,53.630,9.988
EDDI,52.473,13.404
EDDK,50.866,7.143
EDDL,51.289,6.767
EDDM,48.354,11.786
EDDN,49.499,11.078
EDDP,51.424,12.236
EDDR,49.214,7.109
EDDS,48.690,9.222
EDDT,52.559,13.287
EDDV,52.461,9.685
EDDW,53.047,8.787
EDFE,49.961,8.644
EDFH,49.950,7.264
EDFM,49.473,8.514
EDFQ,51.035,8.679
EDFV,49.606,8.368
EDFZ,49.969,8.147
EDGE,50.993,10.473
EDGS,50.708,8.082
EDHI,53.535,9.835
EDHK,54.379,10.145
EDHL,53.805,10.719
EDKA,50.823,6.187
EDKV,50.406,6.528
EDKZ,51.099,7.602
EDLA,51.483,7.899
EDLC,51.530,6.537
EDLE,51.401,6.936
EDLN,51.230,6.504
EDLP,51.614,8.616
EDLS,51.996,6.840
EDLW,51.518,7.612
EDMA,48.425,10.932
EDMB,48.111,9.763
EDME,48.396,12.724
EDMO,48.081,11.283
EDMS,48.901,12.518
EDMV,48.636,13.195
EDNL,47.859,10.014
EDNY,47.671,9.511
EDOP,53.427,11.783
EDOV,52.629,11.820
EDPA,48.778,10.264
EDQC,50.263,10.996
EDQD,49.984,11.638
EDQE,49.794,11.132
EDQM,50.289,11.855
EDQP,49.863,11.788
EDQT,50.018,10.529
EDRK,50.325,7.531
EDRT,49.863,6.789
EDRY,49.302,8.451
EDRZ,49.209,7.401
EDTB,48.791,8.187
EDTD,47.973,8.522
EDTF,48.020,7.834
EDTK,48.982,8.333
EDTM,48.054,9.373
EDTY,49.118,9.777
EDUS,51.608,13.738
EDVE,52.319,10.556
EDVK,51.408,9.378
EDVM,52.177,9.946
EDWB,53.503,8.573
EDWD,53.143,8.623
EDWE,53.391,7.227
EDWF,53.272,7.443
EDWI,53.505,8.053
EDWR,53.595,6.709
EDWY,53.707,7.230
EDXF,54.772,9.378
EDXR,54.221,9.601
EDXW,54.913,8.340
EEEI,59.259,24.204
EEKA,58.991,22.831
EEKE,58.230,22.509
EEPU,58.419,24.473
EETN,59.413,24.833
EETU,58.307,26.690
EFET,68.362,23.424
EFEU,61.116,22.201
EFHA,61.856,24.786
EFHF,60.254,25.043
EFHK,60.320,24.956
EFHM,61.689,23.074
EFHN,59.849,23.083
EFHV,60.654,24.881
EFIK,60.463,23.652
EFIM,61.249,28.904
EFIT,62.166,30.074
EFIV,68.607,27.405
EFJO,62.659,29.624
EFJY,62.399,25.678
EFKA,63.127,23.051
EFKE,65.782,24.599
EFKI,64.285,27.692
EFKJ,62.463,22.393
EFKK,63.721,23.143
EFKM,66.713,27.157
EFKS,65.987,29.239
EFKT,67.701,24.847
EFKU,63.007,27.798
EFLA,61.144,25.693
EFLP,61.044,28.144
EFMA,60.122,19.898
EFME,62.947,23.519
EFMI,61.686,27.202
EFNU,60.334,24.296
EFOU,64.930,25.354
EFPI,61.246,22.193
EFPO,61.462,21.800
EFPU,65.402,26.947
EFPY,63.732,25.926
EFRH,64.688,24.696
EFRN,62.065,28.356
EFRO,66.565,25.830
EFRY,60.745,24.108
EFSA,61.943,28.945
EFSE,61.062,26.799
EFSO,67.395,26.619
EFTP,61.414,23.604
EFTS,61.773,24.027
EFTU,60.514,22.263
EFUT,60.896,26.938
EFVA,63.051,21.761
EFVR,62.171,27.869
EFYL,64.060,24.716
EGAA,54.657,-6.216
EGAB,54.399,-7.652
EGAC,54.618,-5.873
EGAE,55.043,-7.161
EGBB,52.454,-1.748
EGBE,52.370,-1.480
EGBG,52.608,-1.032
EGBJ,51.894,-2.167
EGBN,52.920,-1.079
EGBO,52.517,-2.260
EGBP,51.668,-2.057
EGBT,52.041,-1.096
EGCC,53.354,-2.275
EGCD,53.338,-2.149
EGCF,53.560,-0.858
EGDC,51.087,-4.150
EGDG,50.441,-4.995
EGDL,51.505,-1.993
EGDM,51.152,-1.747
EGDR,50.086,-5.256
EGDX,51.405,-3.436
EGDY,51.009,-2.639
EGFE,51.833,-4.961
EGFF,51.397,-3.343
EGFH,51.605,-4.068
EGGD,51.383,-2.719
EGGP,53.334,-2.850
EGGW,51.874,-0.368
EGHD,50.423,-4.106
EGHH,50.780,-1.843
EGHI,50.950,-1.357
EGHL,51.185,-1.032
EGJB,49.435,-2.602
EGJJ,49.208,-2.195
EGKA,50.836,-0.297
EGKB,51.331,0.033
EGKK,51.148,-0.190
EGLC,51.505,0.054
EGLF,51.276,-0.776
EGLJ,51.676,-1.081
EGLK,51.324,-0.848
EGLL,51.477,-0.461
EGMC,51.571,0.696
EGMD,50.956,0.939
EGMH,51.342,1.346
EGNB,53.719,-0.566
EGNC,54.938,-2.809
EGNH,53.772,-3.029
EGNJ,53.574,-0.351
EGNL,54.130,-3.256
EGNM,53.866,-1.661
EGNO,53.745,-2.883
EGNR,53.178,-2.978
EGNS,54.083,-4.624
EGNT,55.038,-1.692
EGNV,54.509,-1.429
EGNX,52.831,-1.328
EGOD,52.812,-4.123
EGOE,52.871,-2.533
EGOQ,53.258,-4.373
EGOS,52.798,-2.668
EGOV,53.248,-4.535
EGOW,53.581,-3.055
EGOY,54.851,-4.948
EGPA,58.958,-2.905
EGPB,59.879,-1.296
EGPC,58.459,-3.093
EGPD,57.204,-2.200
EGPE,57.540,-4.050
EGPF,55.872,-4.433
EGPH,55.950,-3.373
EGPI,55.682,-6.257
EGPK,55.508,-4.587
EGPL,57.481,-7.363
EGPM,60.432,-1.298
EGPN,56.453,-3.026
EGPO,58.214,-6.329
EGPU,56.499,-6.869
EGQL,56.373,-2.868
EGQS,57.705,-3.339
EGRR,51.383,-0.783
EGSC,52.205,0.175
EGSF,52.468,-0.251
EGSH,52.676,1.283
EGSS,51.885,0.235
EGSX,51.722,0.154
EGSY,53.394,-1.388
EGTC,52.072,-0.617
EGTD,51.117,-0.534
EGTE,50.734,-3.414
EGTG,51.519,-2.591
EGTH,51.767,0.250
EGTK,51.837,-1.320
EGUB,51.616,-1.096
EGUL,52.409,0.561
EGUN,52.361,0.488
EGUW,52.127,0.956
EGUY,52.357,-0.108
EGVA,51.682,-1.790
EGVN,51.750,-1.584
EGVO,51.234,-0.943
EGWC,52.640,-2.306
EGWU,51.553,-0.418
EGXC,53.093,-0.166
EGXD,54.137,-1.420
EGXE,54.292,-1.535
EGXG,53.834,-1.195
EGXH,52.343,0.773
EGXJ,52.736,-0.649
EGXP,53.307,-0.551
EGXT,52.613,-0.476
EGXU,54.049,-1.252
EGXW,53.166,-0.524
EGXZ,54.206,-1.382
EGYC,52.755,1.357
EGYD,53.031,-0.481
EGYE,52.962,-0.561
EGYM,52.648,0.550
EGYP,-51.823,-58.447
EHAM,52.309,4.764
EHBD,51.255,5.601
EHBK,50.911,5.770
EHDL,52.061,5.873
EHDR,53.119,6.130
EHEH,51.450,5.374
EHGG,53.119,6.579
EHGR,51.568,4.933
EHKD,52.923,4.781
EHLE,52.460,5.527
EHLW,53.229,5.761
EHRD,51.957,4.442
EHSB,52.127,5.276
EHTW,52.270,6.874
EHVB,52.170,4.426
EHWO,51.449,4.342
EICK,51.843,-8.492
EICM,53.301,-8.939
EIDL,55.044,-8.341
EIDW,53.421,-6.270
EIKN,53.910,-8.818
EIKY,52.181,-9.524
EIME,53.303,-6.443
EINN,52.702,-8.925
EISG,54.280,-8.599
EIWF,52.187,-7.087
EKAH,56.304,10.619
EKBI,55.740,9.152
EKCH,55.618,12.656
EKEB,55.526,8.553
EKGH,55.941,12.382
EKHO,56.397,8.443
EKKA,56.297,9.124
EKLS,57.278,11.001
EKMB,54.699,11.440
EKOD,55.476,10.329
EKPB,54.870,9.279
EKRK,55.586,12.131
EKRN,55.063,14.759
EKSB,54.964,9.792
EKSN,57.503,10.229
EKSP,55.225,9.264
EKSV,56.550,9.173
EKTS,57.069,8.705
EKVA,55.697,9.193
EKVD,55.436,9.331
EKVG,62.064,-7.277
EKVH,56.847,9.459
EKVJ,55.990,8.354
EKVL,55.767,12.343
EKYT,57.093,9.849
ELLX,49.626,6.211
ENAL,62.560,6.110
ENAN,69.293,16.144
ENAT,69.977,23.366
ENBL,61.392,5.764
ENBM,60.639,6.501
ENBN,65.459,12.214
ENBO,67.269,14.363
ENBR,60.293,5.218
ENBS,70.600,29.692
ENCN,58.204,8.085
ENDI,60.417,8.514
ENDU,69.056,18.540
ENEV,68.491,16.678
ENFB,59.896,10.617
ENFG,61.011,9.293
ENFL,61.584,5.025
ENGM,60.194,11.100
ENHA,60.818,11.067
ENHD,59.345,5.208
ENHK,70.487,22.140
ENKB,63.112,7.824
ENKJ,59.969,11.036
ENKR,69.725,29.887
ENLI,58.100,6.625
ENML,62.746,7.272
ENMS,65.784,13.215
ENNA,70.069,24.973
ENNO,59.566,9.212
ENOL,63.699,9.604
ENRO,62.578,11.342
ENRY,59.379,10.786
ENSB,78.246,15.466
ENSG,61.156,7.136
ENSN,59.185,9.567
ENSO,59.792,5.341
ENSR,69.787,20.959
ENSS,70.355,31.045
ENST,65.957,12.469
ENTC,69.683,18.919
ENTO,59.187,10.259
ENVA,63.458,10.940
ENZV,58.877,5.638
EPGD,54.377,18.466
EPKK,50.078,19.785
EPKM,50.238,19.035
EPKO,54.042,16.264
EPKT,50.474,19.080
EPLL,51.722,19.398
EPML,50.322,21.462
EPPO,52.421,16.826
EPRZ,50.110,22.019
EPSC,53.585,14.902
EPSD,53.392,14.634
EPSK,54.479,17.108
EPSN,53.791,15.828
EPWA,52.166,20.967
EPWR,51.102,16.886
EPZG,52.139,15.799
ESCF,58.402,15.526
ESCK,58.611,16.103
ESCM,59.897,17.588
ESCN,59.181,17.912
ESDB,56.296,12.847
ESDF,56.267,15.265
ESFH,58.409,13.262
ESFI,56.184,14.132
ESFM,58.598,14.114
ESFQ,56.844,15.452
ESFR,58.498,13.053
ESFY,56.785,13.602
ESGG,57.663,12.280
ESGJ,57.758,14.069
ESGK,58.170,13.588
ESGL,58.465,13.174
ESGP,57.775,11.870
ESGR,58.456,13.973
ESGT,58.318,12.345
ESIA,58.514,14.507
ESIB,58.426,12.714
ESKA,60.133,18.105
ESKB,59.419,17.891
ESKK,59.346,14.496
ESKM,60.958,14.511
ESKN,58.789,16.912
ESKS,59.314,17.109
ESKV,59.676,12.639
ESKX,58.791,16.571
ESMA,56.611,15.605
ESMG,56.950,13.922
ESMK,55.922,14.085
ESML,55.945,12.861
ESMO,57.350,16.498
ESMP,57.264,13.599
ESMQ,56.685,16.288
ESMS,55.530,13.371
ESMT,56.691,12.820
ESMV,57.292,14.137
ESMX,56.929,14.728
ESNA,63.738,15.458
ESNC,62.409,13.747
ESND,62.048,14.423
ESNF,61.898,15.705
ESNG,67.132,20.814
ESNH,61.768,17.081
ESNI,63.634,17.940
ESNJ,66.496,20.147
ESNK,63.048,17.769
ESNL,64.548,18.716
ESNM,63.129,14.803
ESNN,62.528,17.444
ESNO,63.408,18.990
ESNP,65.399,21.265
ESNQ,67.822,20.337
ESNR,61.190,14.712
ESNS,64.625,21.077
ESNT,62.481,17.003
ESNU,63.792,20.282
ESNV,64.579,16.833
ESNX,65.590,19.282
ESOE,59.224,15.038
ESOH,60.020,13.579
ESOW,59.589,16.634
ESPA,65.544,22.122
ESPC,63.194,14.502
ESPE,65.875,20.150
ESPJ,65.836,21.471
ESQO,59.386,15.924
ESSA,59.652,17.919
ESSB,59.354,17.941
ESSD,60.422,15.515
ESSF,57.526,15.824
ESSK,60.593,16.951
ESSL,58.406,15.680
ESSP,58.586,16.251
ESST,60.157,12.991
ESSU,59.351,16.708
ESSV,57.663,18.346
ESUA,64.571,19.314
ESUD,64.961,17.696
ESUE,61.869,12.691
ESUF,65.106,20.761
ESUK,67.765,20.257
ESUT,65.806,15.083
ETAD,49.973,6.692
ETAR,49.438,7.601
ETEJ,49.920,10.914
ETEK,49.650,7.300
ETEU,49.648,9.966
ETHB,52.278,9.082
ETHC,52.591,10.022
ETHE,52.291,7.387
ETHF,51.114,9.286
ETHI,53.994,9.578
ETHL,48.220,9.910
ETHM,50.366,7.315
ETHN,49.392,9.958
ETHR,49.218,11.101
ETHS,52.919,10.184
ETHT,51.768,14.292
ETIC,49.699,11.941
ETID,50.169,8.961
ETIE,49.393,8.652
ETIH,49.218,11.836
ETIN,49.743,10.201
ETME,54.625,9.341
ETMN,53.767,8.658
ETND,52.585,8.341
ETNG,50.961,6.042
ETNH,54.312,9.538
ETNJ,53.533,7.889
ETNL,53.918,12.279
ETNN,50.831,6.658
ETNP,52.339,7.541
ETNR,51.664,14.634
ETNS,54.459,9.516
ETNT,53.548,7.667
ETNU,53.602,13.306
ETNW,52.457,9.427
ETOI,49.634,11.767
ETOR,49.563,8.463
ETOU,50.050,8.325
ETSA,48.071,10.906
ETSB,50.174,7.063
ETSE,48.322,11.949
ETSF,48.206,11.267
ETSH,51.768,13.167
ETSI,48.716,11.534
ETSL,48.186,10.862
ETSM,47.989,10.239
ETSN,48.711,11.211
ETUL,51.602,6.143
ETUO,51.923,8.306
ETUR,51.200,6.132
FAAB,-28.575,16.533
FAAG,-29.282,18.814
FAAP,-25.944,29.810
FABB,-26.239,28.302
FABE,-32.897,27.279
FABL,-29.092,26.302
FABM,-28.248,28.336
FABO,-27.367,26.629
FACR,-26.369,27.350
FACT,-33.965,18.602
FACV,-31.500,19.726
FADA,-30.637,23.920
FADB,-24.805,26.832
FADD,-28.183,30.224
FADN,-29.970,30.950
FAEL,-33.036,27.826
FAEO,-26.495,29.980
FAER,-23.726,27.688
FAFB,-28.823,27.909
FAGC,-25.986,28.140
FAGG,-34.005,22.379
FAGI,-23.284,30.650
FAGM,-26.242,28.151
FAGT,-33.285,26.498
FAGY,-29.122,30.587
FAHA,-28.079,26.861
FAHE,-25.979,29.619
FAHG,-26.506,28.394
FAHO,-27.278,27.996
FAHR,-28.235,29.106
FAHS,-24.369,31.049
FAHV,-30.562,25.528
FAJS,-26.139,28.246
FAKD,-26.871,26.718
FAKG,-26.093,29.455
FAKL,-26.252,29.194
FAKM,-28.803,24.765
FAKP,-25.441,31.930
FAKR,-26.081,27.726
FAKS,-27.661,27.316
FAKU,-27.457,23.411
FAKZ,-29.688,17.094
FALA,-25.938,27.926
FALB,-29.181,27.453
FALI,-26.176,26.184
FALT,-23.160,29.696
FALW,-32.969,18.160
FALY,-28.582,29.750
FAMB,-25.685,29.440
FAMG,-30.857,30.343
FAMI,-24.989,29.283
FAMJ,-27.079,29.778
FAMK,-25.753,25.612
FAMM,-25.798,25.548
FAMN,-25.473,31.566
FAMS,-22.356,29.986
FAMU,-27.626,32.044
FANC,-27.771,29.977
FANS,-25.501,30.913
FANY,-24.686,28.435
FAOB,-34.555,20.250
FAOH,-33.607,22.189
FAPB,-23.845,29.459
FAPE,-33.985,25.617
FAPG,-34.090,23.328
FAPH,-23.937,31.155
FAPI,-23.926,29.484
FAPJ,-31.606,29.520
FAPM,-29.649,30.399
FAPN,-25.334,27.173
FAPP,-24.230,28.984
FAPQ,-25.847,23.538
FAPS,-26.671,27.082
FAPY,-26.889,27.503
FAQT,-31.920,26.882
FARB,-28.741,32.092
FARG,-25.644,27.271
FARS,-33.812,19.903
FASB,-29.689,17.939
FASC,-26.524,29.170
FASD,-32.964,17.969
FASI,-26.248,28.398
FASK,-25.809,28.164
FASS,-27.648,22.999
FASU,-25.961,29.209
FASZ,-24.961,31.589
FATF,-28.260,22.993
FATH,-23.079,30.383
FATN,-29.319,26.823
FATP,-29.033,26.157
FATT,-26.776,29.339
FATZ,-23.824,30.329
FAUL,-28.321,31.416
FAUP,-28.401,21.261
FAUT,-31.548,28.674
FAVB,-26.982,24.729
FAVG,-29.771,31.058
FAVP,-26.692,27.778
FAVR,-31.641,18.545
FAVV,-26.566,27.961
FAVY,-27.787,30.795
FAWB,-25.654,28.224
FAWI,-25.832,29.192
FAWK,-25.830,28.222
FAWM,-27.998,26.669
FAWS,-27.847,26.350
FAYP,-33.900,18.498
FAZR,-25.599,26.042
FBFT,-21.159,27.474
FBJW,-24.602,24.691
FBKE,-17.833,25.162
FBMN,-19.972,23.431
FBOR,-21.266,25.320
FBSK,-24.555,25.918
FBSP,-22.058,27.829
FCBB,-4.252,15.253
FCOI,1.589,18.047
FCOM,-0.021,15.575
FCOO,-0.531,15.950
FCOU,1.616,16.038
FCPA,-3.483,12.617
FCPD,-4.208,12.661
FCPP,-4.813,11.886
FDMS,-26.529,31.308
FEFF,4.398,18.519
FEFG,4.784,22.781
FEFI,10.236,22.717
FEFM,5.847,20.649
FEFN,8.427,20.635
FEFO,5.958,15.637
FEFR,6.528,21.989
FEFT,4.221,15.786
FEFY,45.154,-89.111
FGBT,1.905,9.806
FGSL,3.755,8.709
FHAW,-7.969,-14.394
FIMP,-20.430,57.683
FIMR,-19.758,63.362
FJDG,-7.313,72.411
FKKC,4.089,9.360
FKKD,4.006,9.719
FKKI,4.473,14.364
FKKL,10.451,14.257
FKKM,5.637,10.751
FKKN,7.357,13.559
FKKR,9.336,13.370
FKKU,5.537,10.354
FKKV,6.039,10.123
FKKY,3.835,11.524
FLKE,-12.573,27.894
FLKL,-14.997,22.648
FLLI,-17.822,25.822
FLLS,-15.331,28.453
FLMA,-11.138,28.875
FLMF,-13.259,31.936
FLMG,-15.254,23.162
FLML,-12.565,28.299
FLND,-12.998,28.665
FLSO,-12.900,28.150
FLZB,-13.539,23.110
FMCH,-11.534,43.272
FMCI,-12.298,43.766
FMCN,-11.711,43.244
FMCV,-12.132,44.430
FMCZ,-12.805,45.281
FMEE,-20.887,55.510
FMEP,-21.321,55.425
FMMI,-18.797,47.479
FMMN,-19.563,45.451
FMMS,-17.094,49.816
FMMT,-18.109,49.392
FMMV,-20.285,44.318
FMNA,-12.349,49.292
FMNC,-16.164,49.774
FMND,-14.652,49.621
FMNE,-13.188,48.988
FMNH,-14.999,50.320
FMNL,-14.629,47.764
FMNM,-15.667,46.352
FMNN,-13.312,48.314
FMNQ,-16.742,44.481
FMNR,-15.437,49.688
FMNS,-14.279,50.175
FMNV,-13.376,50.003
FMNW,-14.899,47.994
FMNZ,-13.485,48.633
FMSD,-25.038,46.956
FMSF,-21.441,47.112
FMSG,-22.805,47.821
FMSK,-22.120,48.022
FMSM,-21.202,48.358
FMSR,-21.754,43.375
FMST,-23.383,43.728
FNBC,-6.270,14.247
FNBG,-12.609,13.404
FNCA,-5.597,12.188
FNCH,-7.357,20.804
FNCX,-8.374,18.924
FNCZ,-11.894,22.916
FNGI,-17.045,15.687
FNHU,-12.809,15.760
FNKU,-12.404,16.947
FNLB,-12.371,13.536
FNLU,-8.858,13.231
FNMA,-9.525,16.312
FNME,-14.658,17.720
FNMO,-15.261,12.147
FNNG,-7.754,15.287
FNPA,-10.722,13.765
FNSA,-9.689,20.432
FNSO,-6.141,12.372
FNTO,-7.147,14.248
FNUE,-11.768,19.898
FNUG,-7.603,15.028
FNXA,-16.755,14.965
FOGO,1.541,11.581
FOGQ,-0.665,13.673
FOGR,-0.704,10.246
FOOB,2.076,11.493
FOOD,-1.537,13.269
FOOG,-0.712,8.754
FOOH,-1.575,9.263
FOOK,0.579,12.891
FOOL,0.458,9.412
FOOM,0.776,11.553
FOON,-1.656,13.438
FOOR,-0.826,12.747
FOOT,-2.889,10.919
FPPR,1.663,7.412
FPST,0.378,6.712
FQBR,-19.796,34.907
FQCB,-14.820,36.532
FQCH,-19.151,33.429
FQES,-15.734,32.757
FQIN,-23.876,35.408
FQLC,-13.274,35.266
FQLU,-15.033,40.672
FQMA,-25.921,32.573
FQMD,-11.673,39.563
FQMP,-11.362,40.355
FQMR,-13.225,37.552
FQNC,-14.488,40.712
FQNP,-15.106,39.282
FQPB,-12.987,40.522
FQQL,-17.856,36.869
FQSG,-15.602,32.773
FQTT,-16.105,33.640
FQUG,-14.704,34.352
FQVL,-22.018,35.313
FSAL,-7.005,52.726
FSDR,-5.696,53.654
FSFA,-10.109,51.176
FSIA,-4.674,55.522
FSPP,-4.319,55.691
FSSC,-7.164,56.264
FTTA,9.151,18.379
FTTC,13.847,20.844
FTTD,8.620,16.068
FTTJ,12.134,15.034
FTTP,9.379,14.926
FTTY,17.917,19.111
FVBU,-20.017,28.618
FVCP,-17.751,30.924
FVCZ,-21.008,31.578
FVFA,-18.096,25.839
FVGR,-18.977,32.451
FVHA,-17.932,31.093
FVKB,-16.520,28.885
FVMT,-17.432,32.184
FVMU,-18.998,32.627
FVMV,-20.055,30.859
FVSH,-20.289,30.088
FVTL,-19.437,29.862
FVWN,-18.630,27.021
FVZC,-19.029,29.722
FWCL,-15.679,34.974
FWKA,-9.953,33.893
FWKG,-13.014,33.468
FWMG,30.838,-85.182
FWUU,-11.445,34.012
FXMM,-29.462,27.553
FXMU,-29.304,27.503
FZAA,-4.386,15.444
FZAB,-4.325,15.328
FZAG,-5.931,12.352
FZAI,-5.918,12.447
FZAM,-5.799,13.441
FZBO,-3.311,17.382
FZCA,-5.036,18.786
FZEA,0.022,18.289
FZFD,4.253,20.975
FZFK,3.235,19.771
FZFP,4.158,21.651
FZGA,2.171,21.497
FZIA,0.518,25.155
FZJH,2.827,27.588
FZKA,1.566,30.221
FZKJ,2.818,24.794
FZMA,-2.309,28.809
FZNA,-1.671,29.238
FZOA,-2.919,25.915
FZQA,-11.591,27.531
FZQM,-10.766,25.506
FZRF,-5.876,29.250
FZSA,-8.642,25.253
FZTL,-9.469,25.759
FZUA,-5.900,22.469
FZWA,-6.121,23.569
GABS,12.533,-7.950
GAGO,16.248,-0.005
GAKY,14.431,-11.439
GAMB,14.513,-4.079
GANR,15.239,-9.576
GATB,16.730,-3.007
GATS,20.246,0.981
GBYD,13.338,-16.652
GCFV,28.453,-13.864
GCHI,27.815,-17.887
GCLA,28.626,-17.756
GCLP,27.932,-15.386
GCRR,28.945,-13.605
GCTS,28.044,-16.572
GCXO,28.482,-16.341
GEML,35.280,-2.956
GFHA,8.394,-13.128
GFLL,8.616,-13.195
GGCF,11.288,-15.181
GGOV,11.895,-15.654
GLMR,6.289,-10.759
GLRB,6.234,-10.362
GMAA,30.381,-9.546
GMAT,28.448,-11.161
GMFF,33.927,-4.978
GMFI,33.505,-5.153
GMFK,31.949,-4.401
GMFM,33.879,-5.515
GMFN,35.153,-2.920
GMFO,34.787,-1.924
GMMC,33.553,-7.661
GMME,34.051,-6.751
GMMF,29.369,-10.180
GMMI,31.404,-9.685
GMMN,33.368,-7.588
GMMX,31.607,-8.036
GMMY,34.299,-6.596
GMMZ,30.939,-6.909
GMTA,35.177,-3.839
GMTN,35.594,-5.320
GMTT,35.727,-5.917
GOGG,12.556,-16.282
GOGK,12.880,-14.955
GOGS,12.410,-16.746
GOOK,14.147,-16.051
GOOY,14.739,-17.490
GOSS,16.050,-16.461
GOTB,14.847,-12.468
GOTK,12.572,-12.220
GOTT,13.737,-13.653
GQNA,16.711,-9.638
GQND,18.570,-11.423
GQNF,16.590,-11.406
GQNI,16.622,-7.314
GQNK,16.159,-13.508
GQNN,18.098,-15.948
GQNS,15.179,-12.207
GQPA,20.507,-13.043
GQPP,20.928,-17.031
GQPT,25.237,-11.589
GUFA,10.351,-13.569
GUFH,10.036,-10.770
GULB,11.326,-12.287
GUMA,8.481,-9.526
GUNZ,7.806,-8.702
GVAC,16.741,-22.949
GVBA,16.137,-22.889
GVFM,14.924,-23.493
GVMA,15.156,-23.214
GVSN,16.588,-24.284
GVSV,16.834,-25.057
HAAB,8.977,38.800
HAAL,9.004,38.726
HABD,11.608,37.321
HADR,9.625,41.854
HAGM,8.128,34.563
HAGN,12.518,37.432
HAHM,8.716,39.008
HAJM,7.666,36.816
HALL,11.975,38.980
HAMK,13.467,39.533
HBBA,-3.324,29.318
HCMB,3.099,43.624
HCMH,9.518,44.089
HCMI,10.389,44.941
HCMK,-0.377,42.459
HCMM,2.014,45.305
HEAR,31.073,33.836
HEAT,27.046,31.012
HEAX,31.184,29.949
HEBL,22.376,31.612
HECA,30.122,31.406
HECW,30.116,30.915
HEEM,30.074,31.192
HEGN,27.184,33.798
HEGR,31.069,34.129
HELX,25.671,32.706
HEMM,31.325,27.222
HEPS,31.279,32.240
HESC,28.685,34.063
HESN,23.964,32.820
HETR,28.209,33.645
HKEL,0.404,35.238
HKGA,-0.463,39.648
HKIS,0.339,37.591
HKKG,0.271,34.787
HKKI,-0.086,34.729
HKKT,0.972,34.958
HKLK,4.204,34.348
HKLO,3.122,35.609
HKLU,-2.252,40.913
HKLY,2.763,36.718
HKMA,3.934,41.844
HKMB,2.345,37.999
HKMK,0.230,38.170
HKML,-3.229,40.102
HKMO,-4.035,39.594
HKMY,3.470,39.101
HKNI,-0.369,36.980
HKNV,-0.788,36.433
HKNW,-1.322,36.815
HKNY,-0.061,37.039
HKRE,-1.277,36.862
HKWJ,1.733,40.091
HLFL,28.795,22.081
HLGL,28.638,21.438
HLGT,25.146,10.143
HLKF,24.179,23.314
HLLB,32.097,20.269
HLLQ,32.789,21.964
HLLS,26.987,14.473
HLLT,32.663,13.159
HLMB,30.378,19.576
HLNF,30.500,18.527
HLON,29.110,15.966
HLRA,29.470,17.931
HLTD,30.152,9.715
HLZA,28.590,17.294
HRYG,-1.677,29.259
HRYR,-1.969,30.139
HRZA,-2.462,28.908
HSDN,19.154,30.430
HSDZ,11.786,34.336
HSFS,13.615,25.325
HSKA,15.386,36.328
HSNL,12.054,24.955
HSOB,13.153,30.232
HSSJ,4.872,31.601
HSSM,9.559,31.652
HSSP,19.576,37.216
HSSS,15.589,32.553
HSWW,7.726,27.979
HTAR,-3.368,36.633
HTDA,-6.878,39.203
HTDO,-6.170,35.752
HTIR,-7.669,35.752
HTKJ,-3.429,37.074
HTLM,-3.376,35.818
HTMD,-3.514,33.619
HTMS,-3.363,37.323
HTMT,-10.339,40.182
HTMW,-2.444,32.932
HTNG,-6.717,38.154
HTPE,-5.257,39.811
HTTG,-5.092,39.071
HTZA,-6.222,39.225
HUEN,0.042,32.443
HUGU,2.806,32.272
HUSO,1.728,33.623
KABI,32.411,-99.682
KACK,41.253,-70.060
KACT,31.611,-97.230
KACY,39.458,-74.577
KADM,34.303,-97.019
KADW,38.811,-76.867
KAEX,31.327,-92.548
KAGS,33.370,-81.964
KAKR,41.038,-81.467
KALB,42.748,-73.803
KALI,27.741,-98.027
KAMA,35.219,-101.706
KANB,33.588,-85.858
KAND,34.495,-82.709
KAOO,40.296,-78.320
KAPG,39.466,-76.169
KARA,30.038,-91.884
KART,43.992,-76.022
KATL,33.640,-84.427
KAUG,44.321,-69.797
KAUS,30.194,-97.670
KBAB,39.136,-121.436
KBAD,32.502,-93.663
KBCT,26.378,-80.107
KBDE,48.728,-94.612
KBDL,41.939,-72.683
KBDR,41.163,-73.126
KBED,42.470,-71.289
KBFI,47.530,-122.302
KBFL,35.433,-119.057
KBFM,30.626,-88.068
KBGR,44.807,-68.828
KBHM,33.563,-86.753
KBIF,31.849,-106.380
KBIX,30.411,-88.924
KBKF,39.702,-104.751
KBLI,48.792,-122.537
KBLV,38.545,-89.835
KBNA,36.124,-86.678
KBOI,43.564,-116.223
KBOS,42.364,-71.005
KBPT,29.951,-94.021
KBRO,25.907,-97.426
KBTR,30.533,-91.149
KBTV,44.472,-73.153
KBUF,42.940,-78.732
KBUR,34.201,-118.359
KBWI,39.175,-76.668
KBYH,35.964,-89.943
KBYS,35.280,-116.630
KCAE,33.939,-81.119
KCAR,46.871,-68.018
KCBM,33.644,-88.444
KCDC,37.701,-113.099
KCDS,34.434,-100.288
KCEF,42.198,-72.534
KCEW,30.779,-86.522
KCFD,30.716,-96.331
KCHA,35.035,-85.204
KCHS,32.899,-80.040
KCIC,39.795,-121.858
KCLE,41.412,-81.850
KCLL,30.588,-96.364
KCLT,35.214,-80.943
KCMH,39.998,-82.892
KCNM,32.337,-104.263
KCNW,31.638,-97.074
KCOF,28.235,-80.610
KCOS,38.806,-104.700
KCOT,28.458,-99.220
KCOU,38.818,-92.219
KCPR,42.908,-106.464
KCRP,27.770,-97.501
KCTB,48.608,-112.376
KCVG,39.046,-84.662
KCVS,34.383,-103.322
KCXL,32.669,-115.513
KCXO,30.352,-95.414
KCYS,41.156,-104.812
KDAL,32.847,-96.852
KDAY,39.902,-84.219
KDCA,38.852,-77.037
KDEN,39.858,-104.667
KDET,42.409,-83.010
KDFW,32.896,-97.037
KDHN,31.321,-85.449
KDHT,36.023,-102.547
KDLF,29.359,-100.778
KDLH,46.842,-92.194
KDMA,32.166,-110.883
KDOV,39.130,-75.466
KDPA,41.908,-88.249
KDRI,30.832,-93.340
KDRO,37.151,-107.754
KDRT,29.373,-100.926
KDSM,41.534,-93.663
KDTW,42.212,-83.353
KDUG,31.469,-109.604
KDYS,32.421,-99.854
KECG,36.261,-76.174
KEDW,34.905,-117.884
KEFD,29.607,-95.159
KEGP,28.700,-100.479
KEKN,38.889,-79.857
KELD,33.221,-92.813
KELP,31.807,-106.378
KEND,36.340,-97.916
KENV,40.719,-114.031
KESF,31.395,-92.296
KEWN,35.073,-77.043
KEWR,40.692,-74.169
KEYW,24.556,-81.759
KFAF,37.133,-76.609
KFAT,36.776,-119.718
KFCS,38.678,-104.756
KFFO,39.826,-84.048
KFHU,31.588,-110.344
KFLL,26.072,-80.153
KFLO,34.185,-79.724
KFLV,39.368,-94.914
KFME,39.085,-76.759
KFMH,41.658,-70.521
KFMN,36.741,-108.230
KFMY,26.586,-81.863
KFOD,42.551,-94.193
KFOE,38.951,-95.664
KFOK,40.844,-72.632
KFRI,39.055,-96.764
KFSI,34.650,-98.402
KFSM,35.336,-94.367
KFTK,37.907,-85.972
KFTW,32.820,-97.362
KFXE,26.197,-80.171
KFYV,36.005,-94.170
KGAG,36.295,-99.776
KGCK,37.927,-100.724
KGEG,47.620,-117.534
KGFK,47.949,-97.176
KGGG,32.385,-94.711
KGLS,29.265,-94.860
KGNT,35.165,-107.901
KGNV,29.690,-82.272
KGRB,44.485,-88.129
KGRF,47.079,-122.581
KGRK,31.067,-97.829
KGRR,42.881,-85.523
KGSB,35.339,-77.961
KGTB,44.056,-75.719
KGTF,47.482,-111.371
KGUS,40.648,-86.152
KGVT,33.068,-96.065
KGVW,38.843,-94.561
KGWO,33.494,-90.084
KHBR,34.991,-99.051
KHFD,41.736,-72.650
KHHR,33.923,-118.335
KHIB,47.386,-92.839
KHIF,41.124,-111.973
KHKY,35.741,-81.389
KHLN,46.607,-111.983
KHLR,31.139,-97.714
KHMN,32.852,-106.106
KHOB,32.688,-103.217
KHON,44.385,-98.228
KHOP,36.668,-87.496
KHOU,29.645,-95.279
KHPN,41.067,-73.707
KHRL,26.228,-97.654
KHRO,36.261,-93.155
KHRT,30.428,-86.689
KHST,25.488,-80.384
KHTL,44.360,-84.671
KHUA,34.679,-86.685
KHUF,39.451,-87.307
KHUL,46.123,-67.792
KHVR,48.543,-109.762
KHWO,26.001,-80.240
KIAB,37.623,-97.267
KIAD,38.944,-77.456
KIAG,43.107,-78.946
KIAH,29.980,-95.340
KICT,37.650,-97.433
KIKK,41.071,-87.846
KIKR,35.040,-106.609
KILG,39.679,-75.606
KILM,34.271,-77.903
KIND,39.717,-86.294
KINK,31.779,-103.201
KINL,48.566,-93.403
KINS,36.587,-115.673
KINT,36.134,-80.222
KIPL,32.834,-115.579
KIPT,41.242,-76.921
KISN,48.178,-103.642
KISP,40.795,-73.100
KJAN,32.311,-90.076
KJAX,30.494,-81.688
KJBR,35.832,-90.646
KJFK,40.640,-73.779
KLAN,42.779,-84.587
KLAS,36.080,-115.152
KLAX,33.942,-118.408
KLBB,33.664,-101.823
KLCH,30.126,-93.223
KLCK,39.814,-82.928
KLFI,37.083,-76.360
KLFK,31.234,-94.750
KLFT,30.205,-91.987
KLGA,40.777,-73.872
KLGB,33.818,-118.151
KLHW,31.889,-81.562
KLIT,34.729,-92.224
KLNA,26.593,-80.085
KLNK,40.851,-96.759
KLOU,38.228,-85.664
KLRD,27.544,-99.461
KLRF,34.918,-92.146
KLSF,32.337,-84.991
KLSV,36.236,-115.034
KLTS,34.667,-99.267
KLUF,33.535,-112.383
KLUK,39.103,-84.419
KMAF,31.942,-102.202
KMCC,38.667,-121.401
KMCF,27.849,-82.521
KMCI,39.297,-94.714
KMCN,32.693,-83.649
KMCO,28.429,-81.316
KMDT,40.193,-76.763
KMDW,41.786,-87.752
KMEM,35.042,-89.977
KMER,37.380,-120.568
KMFE,26.176,-98.239
KMGE,33.915,-84.516
KMHR,38.554,-121.297
KMIA,25.793,-80.291
KMIB,48.416,-101.357
KMIV,39.368,-75.072
KMKE,42.947,-87.896
KMKL,35.600,-88.916
KMKO,35.657,-95.361
KMLB,28.103,-80.645
KMLC,34.882,-95.783
KMLT,45.648,-68.686
KMLU,32.511,-92.037
KMMV,45.194,-123.136
KMNM,45.126,-87.638
KMOB,30.691,-88.243
KMOD,37.626,-120.954
KMOT,48.259,-101.280
KMPV,44.203,-72.562
KMQT,46.534,-87.562
KMSN,43.140,-89.337
KMSP,44.880,-93.217
KMSS,44.936,-74.845
KMSY,29.993,-90.258
KMTC,42.613,-82.832
KMUI,40.435,-76.569
KMUO,43.043,-115.872
KMWH,47.208,-119.320
KMWL,32.781,-98.060
KMXF,32.379,-86.362
KMYR,33.680,-78.928
KNBC,32.477,-80.723
KNBG,29.825,-90.035
KNCA,34.708,-77.439
KNEL,40.033,-74.353
KNFL,39.416,-118.701
KNGU,36.938,-76.289
KNHK,38.286,-76.412
KNID,35.688,-117.691
KNIP,30.236,-81.681
KNJK,32.829,-115.672
KNKT,34.902,-76.881
KNKX,32.868,-117.143
KNLC,36.333,-119.952
KNMM,32.552,-88.556
KNOW,48.141,-123.414
KNPA,30.353,-87.319
KNQA,35.357,-89.870
KNQI,27.507,-97.810
KNQX,24.576,-81.689
KNSE,30.724,-87.022
KNTD,34.120,-119.121
KNTK,33.706,-117.827
KNTU,36.821,-76.033
KNUQ,37.415,-122.048
KNUW,48.352,-122.656
KNXP,34.296,-116.162
KNXX,40.200,-75.148
KNYG,38.502,-77.305
KNZC,30.219,-81.876
KNZY,32.699,-117.215
KOAK,37.721,-122.221
KOFF,41.118,-95.913
KOGS,44.682,-75.466
KOKC,35.393,-97.601
KOLS,31.418,-110.848
KOMA,41.302,-95.894
KONT,34.056,-117.601
KOPF,25.907,-80.278
KORD,41.979,-87.904
KORF,36.894,-76.201
KORL,28.545,-81.333
KOSC,44.451,-83.394
KPAE,47.906,-122.281
KPAM,30.070,-85.576
KPBF,34.175,-91.934
KPBG,44.651,-73.468
KPBI,26.683,-80.096
KPDX,45.589,-122.597
KPHF,37.132,-76.493
KPHL,39.872,-75.241
KPHN,42.911,-82.529
KPHX,33.434,-112.008
KPIE,27.911,-82.687
KPIT,40.491,-80.233
KPMB,48.942,-97.241
KPMD,34.629,-118.084
KPNC,36.731,-97.100
KPNE,40.082,-75.011
KPNM,45.560,-93.608
KPNS,30.473,-87.187
KPOB,35.171,-79.014
KPOE,31.045,-93.191
KPQI,46.689,-68.045
KPRC,34.654,-112.419
KPSP,33.829,-116.507
KPSX,28.727,-96.251
KPUB,38.289,-104.496
KPVD,41.724,-71.428
KPWM,43.646,-70.309
KRAL,33.952,-117.445
KRBM,34.850,-92.300
KRCA,44.145,-103.103
KRDR,47.961,-97.401
KRDU,35.877,-78.787
KRIC,37.505,-77.319
KRIU,38.489,-121.102
KRIV,33.881,-117.259
KRME,43.234,-75.407
KRND,29.529,-98.279
KRNO,39.498,-119.768
KROC,43.119,-77.672
KROW,33.301,-104.531
KRSW,26.536,-81.755
KSAC,38.513,-121.493
KSAF,35.617,-106.088
KSAN,32.733,-117.189
KSAT,29.534,-98.470
KSAV,32.127,-81.202
KSAW,46.354,-87.396
KSBO,32.608,-82.369
KSBY,38.340,-75.510
KSCK,37.894,-121.239
KSEA,47.449,-122.309
KSEM,32.344,-86.988
KSFF,47.683,-117.322
KSFO,37.619,-122.375
KSFZ,41.921,-71.491
KSHV,32.446,-93.826
KSJC,37.362,-121.929
KSJT,31.358,-100.496
KSKA,47.615,-117.656
KSKF,29.384,-98.581
KSKY,41.433,-82.652
KSLC,40.788,-111.978
KSMF,38.695,-121.591
KSNA,33.676,-117.868
KSPB,45.773,-122.862
KSPG,27.765,-82.627
KSPS,33.989,-98.492
KSSC,33.973,-80.473
KSTL,38.748,-90.360
KSUU,38.263,-121.927
KSUX,42.402,-96.384
KSVN,32.010,-81.146
KSWF,41.504,-74.105
KSYR,43.111,-76.106
KSZL,38.730,-93.548
KTBN,37.741,-92.141
KTCC,35.183,-103.603
KTCM,47.138,-122.476
KTCS,33.237,-107.272
KTEB,40.850,-74.061
KTIK,35.415,-97.386
KTLH,30.396,-84.350
KTMB,25.648,-80.433
KTNT,25.862,-80.897
KTNX,37.794,-116.779
KTPA,27.975,-82.533
KTTN,40.277,-74.813
KTUL,36.198,-95.888
KTUS,32.116,-110.941
KTXK,33.454,-93.991
KTYR,32.354,-95.402
KTYS,35.812,-83.993
KUGN,42.422,-87.868
KVAD,30.968,-83.193
KVBG,34.729,-120.577
KVCV,34.593,-117.379
KVPS,30.483,-86.525
KVRB,27.656,-80.418
KWAL,37.940,-75.466
KWRB,32.640,-83.592
KWRI,40.016,-74.594
KWSD,32.341,-106.403
KWWD,39.008,-74.908
KYIP,42.238,-83.530
KYNG,41.261,-80.679
KYUM,32.656,-114.606
KZUN,35.083,-108.792
LATI,41.415,19.721
LBBG,42.569,27.514
LBGO,43.151,25.713
LBPD,42.068,24.851
LBSF,42.695,23.406
LBSZ,42.377,25.655
LBWN,43.232,27.825
LCLK,34.875,33.625
LCPH,34.718,32.486
LCRA,34.590,32.988
LDDU,42.561,18.268
LDOC,45.542,18.636
LDOS,45.463,18.811
LDPL,44.893,13.922
LDRG,45.379,14.504
LDRI,45.217,14.570
LDSP,43.539,16.298
LDVA,46.295,16.381
LDZA,45.743,16.069
LDZD,44.108,15.347
LDZU,44.557,15.774
LEAB,38.948,-1.863
LEAL,38.282,-0.558
LEAM,36.844,-2.370
LEAS,43.563,-6.034
LEBA,37.842,-4.849
LEBB,43.301,-2.911
LEBG,42.358,-3.621
LEBL,41.297,2.078
LEBZ,38.891,-6.821
LECO,43.302,-8.377
LEGA,37.133,-3.636
LEGE,41.901,2.760
LEGR,37.189,-3.777
LEGT,40.294,-3.724
LEIB,38.873,1.373
LEJR,36.744,-6.060
LELC,37.775,-0.812
LELN,42.589,-5.656
LEMD,40.472,-3.561
LEMG,36.674,-4.499
LEMH,39.863,4.219
LEMM,40.417,-3.500
LEMO,37.175,-5.616
LEOC,39.938,-3.503
LEPA,39.550,2.733
LEPP,42.770,-1.646
LERI,37.951,-1.230
LERS,41.147,1.167
LERT,36.645,-6.349
LESA,40.952,-5.502
LESB,39.599,2.703
LESJ,39.552,2.739
LESL,39.862,4.258
LESO,43.356,-1.791
LEST,42.896,-8.415
LESU,42.339,1.409
LETO,40.487,-3.458
LEVC,39.489,-0.481
LEVD,41.706,-4.852
LEVS,40.371,-3.785
LEVT,42.883,-2.724
LEVX,42.232,-8.627
LEXJ,43.427,-3.820
LEZG,41.666,-1.041
LEZL,37.418,-5.893
LFAC,50.962,1.955
LFAG,49.869,3.028
LFAI,48.594,3.005
LFAO,48.546,-0.387
LFAQ,49.971,2.700
LFAT,50.515,1.627
LFAV,50.326,3.461
LFAY,49.871,2.386
LFBA,44.175,0.591
LFBC,44.533,-1.125
LFBD,44.828,-0.716
LFBE,44.825,0.519
LFBF,43.546,1.367
LFBG,45.658,-0.318
LFBI,46.588,0.307
LFBK,46.224,2.363
LFBL,45.863,1.179
LFBM,43.912,-0.507
LFBN,46.311,-0.401
LFBO,43.629,1.364
LFBP,43.380,-0.419
LFBR,43.449,1.263
LFBT,43.179,-0.006
LFBU,45.729,0.221
LFBV,45.151,1.469
LFBX,45.198,0.816
LFBZ,43.468,-1.523
LFCC,44.351,1.475
LFCG,43.008,1.103
LFCH,44.596,-1.111
LFCI,43.914,2.113
LFCK,43.556,2.289
LFCL,43.586,1.499
LFCM,43.990,3.183
LFCR,44.408,2.482
LFCU,45.535,2.424
LFCW,44.397,0.759
LFCY,45.628,-0.973
LFCZ,44.146,-1.174
LFDA,43.709,-0.245
LFDB,44.026,1.378
LFDH,43.688,0.602
LFDI,44.982,-0.135
LFDJ,43.091,1.696
LFDM,44.499,0.200
LFDN,45.888,-0.983
LFEC,48.463,-5.064
LFED,48.058,-2.922
LFES,48.052,-3.664
LFEY,46.719,-2.391
LFFI,47.408,-1.177
LFFN,48.430,4.481
LFGA,48.110,7.359
LFGF,47.006,4.893
LFGJ,47.039,5.427
LFGK,47.992,3.392
LFGW,49.122,5.469
LFHO,44.544,4.372
LFHP,45.079,3.765
LFHQ,45.076,2.994
LFHS,46.201,5.292
LFHV,45.916,4.641
LFHY,46.534,3.424
LFIG,44.177,2.515
LFIO,43.569,1.481
LFJL,48.982,6.254
LFKB,42.554,9.483
LFKC,42.531,8.793
LFKF,41.501,9.098
LFKJ,41.924,8.803
LFKO,41.663,8.890
LFKS,41.924,9.406
LFKT,42.294,9.193
LFLA,47.850,3.497
LFLB,45.638,5.880
LFLC,45.786,3.169
LFLD,47.058,2.370
LFLE,45.561,5.976
LFLH,46.826,4.817
LFLI,46.192,6.268
LFLL,45.726,5.091
LFLM,46.295,4.796
LFLN,46.413,4.013
LFLO,46.058,4.001
LFLP,45.929,6.099
LFLS,45.363,5.329
LFLT,46.352,2.570
LFLU,44.921,4.970
LFLV,46.169,3.404
LFLW,44.891,2.422
LFLX,46.862,1.731
LFLY,45.728,4.945
LFMA,43.505,5.368
LFMC,43.384,6.387
LFMD,43.542,6.953
LFMH,45.540,4.296
LFMI,43.523,4.924
LFMK,43.216,2.306
LFML,43.436,5.214
LFMN,43.661,7.218
LFMO,44.140,4.867
LFMP,42.740,2.871
LFMQ,43.252,5.785
LFMS,44.069,4.142
LFMT,43.576,3.963
LFMU,43.324,3.356
LFMV,43.907,4.902
LFMY,43.606,5.109
LFMZ,43.176,2.734
LFNB,44.502,3.533
LFNH,44.030,5.078
LFOA,47.053,2.632
LFOB,49.454,2.113
LFOC,48.058,1.376
LFOD,47.257,-0.115
LFOE,49.029,1.220
LFOH,49.534,0.088
LFOI,50.143,1.832
LFOJ,47.988,1.761
LFOK,48.776,4.184
LFOP,49.384,1.175
LFOT,47.432,0.728
LFOU,47.082,-0.877
LFOV,48.031,-0.743
LFOZ,47.897,2.163
LFPB,48.969,2.441
LFPC,49.253,2.519
LFPG,49.013,2.550
LFPK,48.838,3.016
LFPM,48.605,2.671
LFPN,48.752,2.106
LFPO,48.725,2.359
LFPT,49.096,2.041
LFPV,48.774,2.201
LFPY,48.597,2.331
LFQA,49.208,4.157
LFQB,48.323,4.018
LFQC,48.597,6.545
LFQE,49.227,5.672
LFQF,46.966,4.260
LFQG,47.001,3.114
LFQI,50.222,3.154
LFQJ,50.310,4.033
LFQM,47.208,6.083
LFQP,48.766,7.200
LFQQ,50.562,3.089
LFQT,50.618,2.642
LFQV,49.784,4.647
LFQW,47.638,6.204
LFRA,47.497,-0.573
LFRB,48.448,-4.418
LFRC,49.650,-1.470
LFRD,48.588,-2.080
LFRE,47.289,-2.346
LFRF,48.883,-1.564
LFRG,49.365,0.154
LFRH,47.761,-3.440
LFRI,46.702,-1.379
LFRJ,48.530,-4.151
LFRK,49.173,-0.450
LFRL,48.282,-4.445
LFRM,47.949,0.202
LFRN,48.069,-1.735
LFRO,48.754,-3.471
LFRQ,47.975,-4.168
LFRS,47.153,-1.611
LFRT,48.538,-2.854
LFRU,48.603,-3.816
LFRV,47.723,-2.718
LFRZ,47.312,-2.149
LFSB,47.589,7.530
LFSC,47.922,7.399
LFSD,47.269,5.090
LFSF,49.072,6.132
LFSG,48.325,6.070
LFSH,48.793,7.816
LFSI,48.636,4.899
LFSL,48.780,5.980
LFSM,47.487,6.792
LFSN,48.692,6.230
LFSO,48.583,5.955
LFSP,46.904,6.327
LFSR,49.310,4.050
LFST,48.538,7.628
LFSX,47.783,6.364
LFTF,43.248,6.127
LFTH,43.097,6.146
LFTW,43.757,4.416
LFVM,47.095,-56.380
LFVP,46.763,-56.175
LFXA,45.987,5.328
LFXI,44.057,5.495
LFYD,48.085,5.665
LFYG,50.141,3.263
LFYH,47.335,5.514
LFYL,47.704,6.546
LFYT,49.758,3.212
LGAD,37.921,21.293
LGAG,38.602,21.351
LGAL,40.856,25.956
LGAT,37.888,23.732
LGAX,40.651,22.489
LGBL,39.219,22.794
LGEL,38.064,23.556
LGHI,38.343,26.141
LGIO,39.696,20.822
LGIR,35.339,25.180
LGKA,40.449,21.276
LGKC,36.274,23.017
LGKF,38.120,20.501
LGKL,37.068,22.026
LGKM,40.972,24.342
LGKO,36.793,27.092
LGKP,35.421,27.146
LGKR,39.602,19.912
LGKS,35.421,26.910
LGKV,40.913,24.619
LGKZ,40.286,21.841
LGLE,37.185,26.800
LGLM,39.917,25.236
LGLR,39.650,22.465
LGMG,37.981,23.365
LGMK,37.435,25.348
LGMR,38.145,24.014
LGMT,39.057,26.598
LGPZ,38.925,20.765
LGRD,36.383,28.109
LGRP,36.405,28.086
LGRX,38.151,21.426
LGSA,35.532,24.149
LGSK,39.177,23.504
LGSM,37.690,26.912
LGSO,37.423,24.951
LGSP,36.973,22.526
LGSR,36.400,25.479
LGST,35.214,26.098
LGSV,39.480,22.767
LGSY,38.968,24.487
LGTG,38.340,23.565
LGTL,35.187,25.327
LGTP,37.531,22.405
LGTS,40.520,22.971
LGTT,38.109,23.784
LGZA,37.750,20.882
LHBP,47.437,19.256
LHDC,47.489,21.615
LHGD,47.571,19.339
LHKE,46.917,19.749
LHKV,46.389,17.731
LHNY,47.984,21.692
LHOY,46.304,18.769
LHPA,47.364,17.501
LHSA,47.078,17.968
LHSK,46.858,18.096
LHSM,46.686,17.159
LHSN,47.123,20.235
LHTA,46.393,17.917
LHTL,47.345,18.981
LIBA,41.539,15.713
LIBC,38.997,17.080
LIBD,41.138,16.761
LIBF,41.433,15.535
LIBG,40.516,17.402
LIBN,40.239,18.133
LIBP,42.431,14.181
LIBR,40.657,17.947
LIBV,40.768,16.933
LICA,38.906,16.242
LICC,37.467,15.066
LICD,35.498,12.618
LICG,36.816,11.969
LICJ,38.176,13.091
LICP,38.111,13.313
LICR,38.071,15.651
LICT,37.913,12.488
LICZ,37.401,14.922
LIEA,40.632,8.291
LIED,39.354,8.972
LIEE,39.251,9.054
LIEO,40.899,9.518
LIET,39.919,9.683
LIIB,40.417,12.333
LIMA,45.086,7.603
LIMB,45.540,9.202
LIMC,45.631,8.728
LIME,45.674,9.704
LIMF,45.201,7.649
LIMG,44.051,8.127
LIMJ,44.412,8.842
LIML,45.445,9.277
LIMN,45.529,8.669
LIMP,44.824,10.296
LIMS,44.913,9.723
LIMW,45.738,7.368
LIMZ,44.546,7.622
LIPA,46.032,12.596
LIPB,46.461,11.326
LIPC,44.224,12.306
LIPE,44.534,11.290
LIPH,45.649,12.195
LIPI,45.981,13.054
LIPK,44.195,12.070
LIPL,45.432,10.268
LIPN,45.472,10.928
LIPO,45.429,10.331
LIPQ,45.828,13.466
LIPR,44.020,12.612
LIPS,45.684,12.086
LIPT,45.574,11.531
LIPU,45.396,11.848
LIPX,45.396,10.888
LIPZ,45.505,12.352
LIQS,43.257,11.254
LIRA,41.799,12.595
LIRE,41.654,12.444
LIRF,41.813,12.253
LIRG,41.990,12.741
LIRI,40.620,14.911
LIRJ,42.760,10.239
LIRL,41.542,12.909
LIRM,41.061,14.082
LIRN,40.886,14.291
LIRP,43.684,10.393
LIRQ,43.810,11.205
LIRS,42.761,11.072
LIRU,41.952,12.499
LIRV,42.430,12.064
LIRZ,43.096,12.513
LJCE,45.900,15.530
LJLJ,46.224,14.457
LJMB,46.480,15.686
LJPZ,45.473,13.615
LJSG,46.472,15.117
LKCS,48.946,14.427
LKCT,49.684,15.676
LKCV,49.939,15.382
LKHK,50.253,15.845
LKKB,50.121,14.544
LKKU,49.029,17.440
LKKV,50.203,12.915
LKLN,49.675,13.274
LKMH,50.540,15.006
LKMT,49.696,18.111
LKNA,49.166,16.125
LKPD,50.013,15.739
LKPM,49.719,14.097
LKPO,49.426,17.405
LKPR,50.101,14.260
LKSO,49.245,14.714
LKTB,49.151,16.694
LKVO,50.216,14.396
LLBG,32.009,34.877
LLBS,31.287,34.723
LLEK,31.839,34.822
LLES,32.441,35.006
LLET,29.561,34.960
LLEY,30.623,35.202
LLHA,32.811,35.044
LLHS,31.762,34.727
LLIB,32.981,35.572
LLJR,31.867,35.217
LLLL,31.229,35.191
LLMG,32.599,35.228
LLMZ,31.328,35.388
LLNV,31.208,35.012
LLOV,29.940,34.936
LLRD,32.660,35.182
LLRM,30.776,34.667
LLSD,32.114,34.782
LMML,35.857,14.478
LMMM,35.917,14.417
LOAN,47.843,16.260
LOLW,48.183,14.041
LOWG,47.000,15.433
LOWI,47.260,11.344
LOWK,46.650,14.333
LOWL,48.233,14.183
LOWM,48.000,16.500
LOWS,47.793,13.004
LOWW,48.110,16.570
LOXG,46.991,15.439
LOXK,46.642,14.338
LOXL,48.233,14.188
LOXT,48.321,16.112
LOXZ,47.203,14.744
LPAR,38.883,-9.030
LPAZ,36.971,-25.171
LPBG,41.868,-6.712
LPBJ,38.079,-7.932
LPBR,41.587,-8.445
LPCO,40.157,-8.470
LPCS,38.725,-9.355
LPCV,40.265,-7.480
LPEV,38.533,-7.889
LPFL,39.455,-31.131
LPFR,37.014,-7.966
LPGR,39.092,-28.030
LPHR,38.520,-28.716
LPIN,40.974,-8.645
LPLA,38.764,-27.093
LPMG,38.717,-9.156
LPMR,39.831,-8.887
LPMT,38.704,-9.036
LPOV,40.916,-8.646
LPPD,37.741,-25.698
LPPI,38.554,-28.440
LPPM,37.149,-8.584
LPPR,41.248,-8.681
LPPS,33.073,-16.350
LPPT,38.781,-9.136
LPSJ,38.665,-28.176
LPST,38.831,-9.339
LPTN,39.475,-8.364
LPVR,41.274,-7.720
LPVZ,40.725,-7.889
LQBK,44.941,17.298
LQMO,43.283,17.846
LQSA,43.824,18.331
LRAR,46.176,21.262
LRBC,46.522,26.910
LRBM,47.658,23.470
LRBS,44.503,26.102
LRCK,44.362,28.488
LRCL,46.785,23.686
LRCS,45.420,22.253
LRCV,44.318,23.889
LRIA,47.179,27.620
LROD,47.025,21.902
LROP,44.574,26.103
LRSB,45.786,24.091
LRSM,47.703,22.886
LRSV,47.688,26.354
LRTC,45.062,28.714
LRTM,46.468,24.412
LRTR,45.810,21.338
LSAZ,46.614,7.678
LSGC,47.084,6.793
LSGG,46.238,6.109
LSGK,46.488,7.251
LSGS,46.219,7.327
LSMA,46.944,8.284
LSMC,46.501,8.296
LSMD,47.399,8.648
LSME,47.092,8.305
LSMF,47.079,9.065
LSMI,46.676,7.879
LSMJ,46.304,7.714
LSMM,46.743,8.110
LSMN,46.304,7.823
LSMP,46.843,6.915
LSMU,46.975,8.399
LSSW,47.383,8.567
LSZA,46.004,8.911
LSZB,46.914,7.497
LSZG,47.181,7.417
LSZH,47.465,8.549
LSZR,47.485,9.561
LSZS,46.532,9.883
LTAA,40.000,32.000
LTAB,39.935,32.741
LTAC,40.128,32.995
LTAD,39.950,32.689
LTAE,40.079,32.566
LTAF,36.982,35.280
LTAG,37.002,35.426
LTAH,38.726,30.601
LTAI,36.901,30.792
LTAJ,36.948,37.479
LTAK,36.573,36.154
LTAL,41.314,33.796
LTAN,37.979,32.562
LTAP,40.829,35.522
LTAQ,41.276,36.304
LTAR,39.814,36.903
LTAS,41.516,32.100
LTAT,38.436,38.092
LTAU,38.770,35.495
LTAV,39.451,31.365
LTAW,40.305,36.368
LTAX,41.254,31.415
LTAY,37.785,29.701
LTAZ,38.772,34.534
LTBA,40.977,28.821
LTBD,37.816,27.886
LTBE,40.232,29.009
LTBF,39.619,27.925
LTBG,40.318,27.977
LTBH,40.138,26.427
LTBI,39.784,30.582
LTBJ,38.292,27.157
LTBK,38.319,27.160
LTBL,38.513,27.010
LTBM,37.785,30.582
LTBN,39.427,30.016
LTBO,38.681,29.471
LTBP,40.683,29.379
LTBQ,40.735,30.083
LTBR,40.255,29.563
LTBS,36.713,28.793
LTBT,38.809,27.834
LTBU,41.138,27.919
LTBX,40.993,29.216
LTBY,39.810,30.519
LTCA,38.607,39.291
LTCC,37.894,40.201
LTCD,39.710,39.526
LTCE,39.956,41.170
LTCF,40.562,43.115
LTCG,40.995,39.790
LTCH,37.092,38.846
LTCI,38.468,43.332
LTCJ,37.929,41.116
LTCK,38.754,41.661
LTCL,37.979,41.840
LTCM,42.019,35.079
LTFA,38.517,26.977
LTFB,37.951,27.329
LUBL,47.838,27.781
LUKK,46.928,28.931
LWOH,41.180,20.742
LWSK,41.961,21.621
LXGB,36.151,-5.349
LYBE,44.818,20.309
LYPG,42.359,19.252
LYPR,42.573,21.036
LYTV,42.404,18.723
LYVR,45.147,21.310
LZIB,48.170,17.212
LZKZ,48.663,21.241
LZMC,48.402,17.118
LZPP,48.625,17.828
LZSL,48.638,19.134
LZTN,48.865,17.992
LZTT,49.073,20.241
LZZI,49.232,18.614
MBNC,21.917,-71.939
MBPV,21.774,-72.266
MBSC,21.516,-71.528
MDAB,19.199,-69.430
MDBH,18.251,-71.120
MDCR,17.929,-71.645
MDCZ,18.908,-70.720
MDHE,18.471,-69.969
MDLR,18.452,-68.912
MDPC,18.567,-68.363
MDPP,19.757,-70.570
MDSD,18.429,-69.669
MDSI,18.504,-69.762
MDST,19.409,-70.616
MGBN,15.473,-88.837
MGCB,15.469,-90.407
MGGT,14.583,-90.528
MGPB,15.731,-88.584
MGPP,16.326,-89.417
MGQZ,14.865,-91.502
MGRT,14.521,-91.697
MGSJ,13.936,-90.836
MHIC,17.407,-83.933
MHLC,15.742,-86.853
MHLM,15.452,-87.923
MHNJ,16.445,-85.906
MHPL,15.261,-83.781
MHRO,16.317,-86.522
MHTE,15.776,-87.476
MHTG,14.061,-87.217
MHTJ,15.927,-85.938
MKBS,18.404,-76.969
MKJP,17.936,-76.787
MKJS,18.504,-77.913
MKKJ,18.199,-76.534
MKTP,17.988,-76.824
MMAA,16.757,-99.753
MMAN,25.866,-100.237
MMAS,21.705,-102.318
MMBT,15.775,-96.261
MMCB,18.835,-99.262
MMCC,29.332,-100.981
MMCE,18.654,-91.799
MMCG,30.397,-107.875
MMCH,17.574,-99.514
MMCL,24.764,-107.474
MMCM,18.504,-88.327
MMCN,27.392,-109.833
MMCP,19.817,-90.500
MMCS,31.636,-106.429
MMCU,28.703,-105.964
MMCV,23.704,-98.956
MMCY,20.546,-100.886
MMCZ,20.522,-86.926
MMDM,22.740,-99.018
MMDO,24.124,-104.528
MMEP,21.419,-104.843
MMES,31.795,-116.602
MMGL,20.522,-103.311
MMGM,27.969,-110.925
MMHC,18.497,-97.420
MMHO,29.096,-111.048
MMIA,19.277,-103.577
MMIM,21.245,-86.740
MMIO,25.549,-100.929
MMIT,16.449,-95.094
MMJA,19.475,-96.797
MMLC,18.002,-102.220
MMLM,25.685,-109.081
MMLO,20.993,-101.481
MMLP,24.072,-110.362
MMLT,25.989,-111.348
MMMA,25.770,-97.525
MMMD,20.937,-89.657
MMML,32.631,-115.241
MMMM,19.850,-101.025
MMMT,18.103,-94.581
MMMV,26.956,-101.470
MMMX,19.436,-99.072
MMMY,25.778,-100.107
MMMZ,23.161,-106.266
MMNG,31.226,-110.976
MMNL,27.444,-99.570
MMOX,17.000,-96.726
MMPA,20.603,-97.461
MMPB,19.158,-98.371
MMPC,20.077,-98.782
MMPE,31.352,-113.526
MMPG,28.627,-100.535
MMPN,19.397,-102.039
MMPR,20.680,-105.254
MMPS,15.877,-97.089
MMQT,20.624,-100.369
MMRX,26.009,-98.228
MMSD,23.152,-109.721
MMSF,30.930,-114.809
MMSP,22.254,-100.931
MMTA,19.536,-98.173
MMTC,25.568,-103.411
MMTG,16.769,-93.341
MMTJ,32.541,-116.970
MMTM,22.296,-97.866
MMTN,22.038,-98.806
MMTO,19.337,-99.566
MMTP,14.794,-92.370
MMTX,19.598,-103.372
MMUN,21.036,-86.877
MMVA,17.997,-92.817
MMVR,19.145,-96.187
MMZC,22.897,-102.687
MMZH,17.601,-101.460
MMZM,20.045,-102.276
MMZO,19.145,-104.559
MMZP,20.756,-103.465
MNBL,11.989,-83.774
MNBR,12.189,-86.354
MNLN,12.428,-86.902
MNMG,12.141,-86.168
MNPC,14.047,-83.387
MPBO,9.341,-82.251
MPCH,9.459,-82.517
MPDA,8.391,-82.435
MPHO,8.914,-79.599
MPJE,7.517,-78.157
MPLP,8.407,-78.142
MPMG,8.973,-79.556
MPSA,8.086,-80.945
MPTO,9.071,-79.383
MRBA,9.167,-83.332
MRBC,10.769,-83.586
MRCC,8.601,-82.970
MRCV,10.356,-85.853
MREC,10.202,-83.472
MRFI,8.916,-83.507
MRFS,8.652,-83.065
MRGF,8.654,-83.182
MRGP,10.217,-83.795
MRLB,10.593,-85.544
MRLC,11.035,-84.706
MRLM,9.958,-83.022
MRNS,9.976,-85.653
MROC,9.994,-84.209
MRPD,9.732,-82.983
MRPM,8.951,-83.468
MRPV,9.957,-84.142
MRQP,9.443,-84.130
MRSG,10.288,-83.714
MRSV,8.826,-82.959
MSLP,13.441,-89.056
MSSS,13.700,-89.120
MTCH,19.732,-72.195
MTPP,18.580,-72.293
MUBA,20.366,-74.506
MUBY,20.396,-76.621
MUCA,22.027,-78.789
MUCB,22.506,-79.470
MUCC,22.461,-78.329
MUCF,22.150,-80.414
MUCL,21.616,-81.546
MUCM,21.420,-77.847
MUCU,19.970,-75.836
MUFL,21.500,-78.203
MUGM,19.906,-75.207
MUGT,20.085,-75.158
MUHA,22.989,-82.409
MUHG,20.786,-76.315
MULM,22.336,-83.642
MUMG,22.970,-82.275
MUML,23.007,-82.767
MUMO,20.654,-74.922
MUMZ,20.288,-77.089
MUNC,20.689,-75.531
MUNG,21.835,-82.784
MUPB,23.033,-82.579
MUPR,22.421,-83.678
MUSA,22.871,-82.509
MUSC,22.492,-79.944
MUSJ,22.095,-84.152
MUSL,21.509,-77.017
MUSN,21.642,-82.955
MUSS,21.971,-79.442
MUTD,21.788,-79.997
MUVR,23.034,-81.435
MUVT,20.988,-76.936
MWCB,19.687,-79.883
MWCR,19.293,-81.357
MYAB,24.288,-77.684
MYAF,24.698,-77.796
MYAK,24.159,-77.590
MYAM,26.511,-77.083
MYAN,25.054,-78.049
MYAP,22.442,-73.971
MYAS,26.004,-77.395
MYAT,26.745,-77.391
MYBC,25.417,-77.881
MYBG,25.738,-77.840
MYBS,25.700,-79.264
MYCA,24.629,-75.674
MYCB,24.315,-75.454
MYCI,22.746,-74.182
MYEF,23.563,-75.878
MYEH,25.476,-76.681
MYEM,25.284,-76.331
MYEN,24.594,-76.832
MYER,24.892,-76.178
MYES,24.169,-76.439
MYGF,26.559,-78.695
MYGW,26.686,-78.978
MYIG,20.975,-73.667
MYLD,23.179,-75.093
MYLS,23.583,-75.269
MYMM,22.379,-73.013
MYNN,25.039,-77.466
MYRD,22.182,-75.729
MYSM,24.063,-74.524
MZBZ,17.539,-88.308
NCAI,-18.825,-159.774
NCRG,-21.203,-159.806
NFFN,-17.754,177.443
NFNA,-18.043,178.559
NFNL,-16.467,179.340
NFTF,-21.241,-175.150
NFTL,-19.777,-174.341
NFTV,-18.585,-173.963
NGFU,-8.517,179.217
NGTA,1.381,173.147
NGTE,-1.224,174.776
NIUE,-19.080,-169.926
NLWW,-13.238,-176.199
NSFA,-13.830,-172.008
NSTU,-14.331,-170.710
NTAR,-22.434,-151.361
NTAT,-23.365,-149.524
NTGA,-17.353,-145.510
NTGB,-15.820,-140.887
NTGC,-15.119,-148.231
NTGE,-18.466,-136.439
NTGF,-16.054,-145.657
NTGI,-14.437,-146.070
NTGJ,-23.080,-134.890
NTGK,-15.663,-146.885
NTGM,-16.585,-143.657
NTGN,-14.177,-141.267
NTGP,-14.809,-138.813
NTGT,-14.712,-145.253
NTGU,-15.248,-146.616
NTGV,-14.868,-148.717
NTGY,-20.783,-138.568
NTKR,-14.456,-145.024
NTMD,-8.796,-140.229
NTMN,-9.769,-139.011
NTTB,-16.444,-151.751
NTTG,-14.954,-147.661
NTTH,-16.687,-151.022
NTTM,-17.490,-149.762
NTTO,-18.075,-140.946
NTTP,-16.426,-152.244
NTTR,-16.723,-151.466
NTTX,-21.808,-138.794
NVSS,-15.501,167.222
NVVV,-17.699,168.320
NWWD,-21.053,164.838
NWWK,-20.546,164.256
NWWL,-20.775,167.240
NWWM,-22.258,166.473
NWWR,-21.482,168.037
NWWU,-20.791,165.259
NWWV,-20.641,166.573
NWWW,-22.014,166.213
NZAA,-37.008,174.792
NZAP,-38.740,176.084
NZAR,-37.030,174.973
NZCH,-43.489,172.532
NZCI,-43.810,-176.457
NZDN,-45.928,170.198
NZGS,-38.663,177.978
NZGT,-43.907,170.128
NZHK,-42.714,170.985
NZHN,-37.866,175.332
NZHS,-39.647,176.767
NZKK,-35.263,173.912
NZKT,-35.070,173.285
NZLX,-45.212,169.373
NZMC,-43.765,170.133
NZMO,-45.533,167.650
NZMS,-40.973,175.634
NZNP,-39.009,174.179
NZNS,-41.298,173.221
NZNV,-46.412,168.313
NZOH,-40.206,175.388
NZOU,-44.970,171.082
NZPM,-40.321,175.617
NZPP,-40.905,174.989
NZQN,-45.021,168.739
NZRO,-38.109,176.317
NZRU,-39.446,175.658
NZTG,-37.672,176.196
NZTU,-44.303,171.225
NZUK,-44.235,170.118
NZWB,-41.518,173.870
NZWD,-77.883,166.650
NZWF,-44.725,169.243
NZWG,-43.551,172.553
NZWK,-37.921,176.914
NZWN,-41.327,174.805
NZWO,-39.007,177.407
NZWP,-36.788,174.630
NZWR,-35.768,174.365
NZWS,-41.738,171.581
NZWU,-39.962,175.025
OAHR,34.210,62.228
OAJL,34.399,70.499
OAKB,34.566,69.212
OAKN,31.506,65.848
OAMN,35.934,64.759
OAMS,36.707,67.209
OASD,33.391,62.261
OASG,36.750,65.912
OATQ,36.775,69.532
OAUZ,36.665,68.911
OBBI,26.271,50.634
OBBS,25.918,50.591
OEAB,18.240,42.656
OEAH,25.284,49.486
OEBA,20.296,41.634
OEBH,19.984,42.623
OEBQ,25.911,49.591
OEDF,26.471,49.798
OEDR,26.265,50.152
OEGN,16.901,42.586
OEGS,26.303,43.774
OEGT,31.411,37.279
OEHL,27.438,41.686
OEJB,27.039,49.405
OEJF,21.348,39.173
OEJN,21.679,39.156
OEKK,27.901,45.528
OEMA,24.553,39.705
OENG,17.611,44.419
OEPA,28.335,46.125
OEPC,25.174,47.488
OEPF,24.710,44.964
OEPJ,24.107,41.036
OERB,22.703,39.070
OERF,29.626,43.491
OERK,24.957,46.699
OERM,28.079,48.611
OERR,30.907,41.138
OERT,26.723,50.031
OESH,17.467,47.121
OESK,29.785,40.100
OESL,20.465,45.619
OETB,28.365,36.619
OETF,21.483,40.544
OETH,25.214,46.641
OETN,27.869,48.768
OETR,31.692,38.731
OEWD,20.504,45.199
OEWJ,26.198,36.476
OEYN,24.144,38.063
OIAA,30.365,48.233
OIAD,32.434,48.398
OIAG,30.745,49.676
OIAH,30.337,50.828
OIAI,32.002,49.271
OIAJ,30.835,49.535
OIAM,30.556,49.152
OIAW,31.337,48.762
OIBA,25.876,55.033
OIBB,28.945,50.834
OIBH,27.212,54.318
OIBI,27.484,52.618
OIBK,26.527,53.982
OIBL,26.532,54.822
OIBQ,29.259,50.324
OIBS,25.909,54.539
OIBV,26.810,53.356
OICC,34.346,47.156
OICD,32.934,47.483
OICI,33.586,46.405
OICK,33.436,48.286
OICS,35.247,47.007
OIFE,32.929,51.561
OIFH,32.567,51.691
OIFM,32.751,51.862
OIFP,32.621,51.697
OIGG,37.325,49.606
OIHH,34.868,48.552
OIHR,34.140,49.848
OIID,35.703,51.475
OIIG,35.645,51.381
OIII,35.689,51.313
OIIK,36.241,50.047
OIIS,35.591,53.495
OIKB,27.218,56.378
OIKJ,28.727,57.670
OIKK,30.261,56.957
OIKM,29.084,58.450
OIKP,27.158,56.172
OIKQ,26.755,55.902
OIKR,30.298,56.052
OIKY,29.551,55.672
OIMB,32.896,59.276
OIMC,36.501,61.065
OIMJ,36.424,55.106
OIMN,37.493,57.301
OIMT,33.668,56.892
OIMX,37.628,56.173
OINE,37.383,55.452
OING,36.909,54.402
OINM,34.169,51.318
OINN,36.663,51.465
OINR,36.910,50.679
OINZ,36.644,53.188
OISD,28.721,54.441
OISF,28.892,53.723
OISJ,28.586,53.579
OISL,27.674,54.381
OISO,29.754,52.694
OISR,27.371,53.189
OISS,29.539,52.589
OITL,38.326,48.424
OITM,37.349,46.126
OITP,39.604,47.881
OITT,38.133,46.235
OITZ,36.774,48.360
OIYY,31.905,54.276
OIZB,31.097,61.544
OIZC,25.443,60.382
OIZH,29.476,60.906
OIZI,27.236,60.720
OIZJ,25.653,57.799
OJAI,31.722,35.993
OJAM,31.972,35.991
OJAQ,29.611,35.018
OJJR,31.865,35.219
OJMF,32.356,36.259
OKBK,29.227,47.980
OLBA,33.813,35.489
OLKA,34.589,36.011
OMAA,24.433,54.651
OMAD,24.428,54.458
OMAH,24.074,52.463
OMAJ,24.187,52.614
OMAL,24.262,55.609
OMAM,24.248,54.547
OMAR,24.780,52.560
OMAS,25.146,52.874
OMAZ,24.861,53.078
OMDB,25.255,55.364
OMFJ,25.112,56.324
OMRK,25.613,55.939
OMSJ,25.328,55.517
OOKB,26.171,56.241
OOMA,20.675,58.890
OOMS,23.593,58.284
OOSA,17.039,54.091
OOSQ,23.067,57.650
OOTH,17.666,54.024
OPBN,32.972,70.525
OPBW,29.347,71.711
OPCH,35.886,71.801
OPDB,28.875,64.404
OPDG,29.961,70.486
OPDI,31.909,70.896
OPFA,31.365,72.995
OPGD,25.233,62.329
OPGT,35.919,74.334
OPJA,28.284,68.449
OPJI,25.068,61.805
OPKC,24.906,67.161
OPKD,25.318,68.366
OPKH,27.793,66.643
OPKN,28.594,65.425
OPLA,31.521,74.403
OPLH,31.495,74.346
OPMA,33.050,73.638
OPMF,34.338,73.508
OPMI,32.563,71.571
OPMJ,27.335,68.143
OPMK,25.683,69.073
OPMN,33.013,70.064
OPMR,24.893,66.939
OPMT,30.203,71.419
OPNH,26.219,68.390
OPNK,29.538,66.022
OPOK,30.741,73.357
OPOR,25.273,64.588
OPPC,33.902,70.071
OPPG,26.954,64.132
OPPI,25.284,63.333
OPPS,33.994,71.514
OPQS,33.561,73.032
OPQT,30.251,66.938
OPRK,28.385,70.280
OPRN,33.616,73.099
OPRQ,30.758,72.282
OPRS,34.081,71.972
OPRT,33.849,73.798
OPSD,35.335,75.536
OPSK,27.722,68.792
OPSR,32.049,72.665
OPSS,34.813,72.352
OPSU,28.645,69.177
OPSW,31.889,72.309
OPTA,33.986,72.611
OPTH,24.841,68.838
OPTU,25.986,63.030
OPWN,32.305,69.569
OPZB,31.358,69.463
ORBS,33.262,44.234
ORMM,30.549,47.662
OSAP,36.181,37.224
OSDI,33.411,36.516
OSDZ,35.285,40.176
OSKL,37.024,41.194
OSLK,35.401,35.949
OSPR,34.557,38.317
OTBD,25.261,51.565
PAAQ,61.595,-149.089
PABA,70.134,-143.577
PABE,60.780,-161.838
PABI,63.994,-145.721
PABM,59.362,-155.257
PABR,71.285,-156.766
PABT,66.915,-151.528
PACD,55.206,-162.724
PACL,64.301,-149.120
PACV,60.492,-145.477
PACZ,61.780,-166.039
PADK,51.878,-176.646
PADL,59.045,-158.503
PADQ,57.750,-152.494
PADU,53.900,-166.543
PAED,61.251,-149.806
PAEH,58.647,-162.061
PAEI,64.666,-147.101
PAEN,60.573,-151.245
PAFA,64.815,-147.856
PAFB,64.837,-147.614
PAFR,61.266,-149.653
PAGA,64.736,-156.937
PAGK,62.155,-145.456
PAGY,59.460,-135.316
PAHO,59.646,-151.476
PAIL,59.754,-154.911
PAIM,65.993,-153.704
PAJN,58.355,-134.576
PAKN,58.677,-156.649
PAKT,55.356,-131.714
PALU,68.875,-166.110
PAMC,62.953,-155.606
PAMD,59.450,-146.309
PAMR,61.214,-149.846
PANC,61.174,-149.996
PANT,55.042,-131.572
PAOM,64.512,-165.445
PAOR,62.961,-141.929
PAOT,66.884,-162.598
PAPB,56.578,-169.661
PAPM,59.011,-161.819
PASC,70.195,-148.465
PASI,57.047,-135.361
PASN,57.167,-170.220
PASV,61.097,-155.574
PASY,52.712,174.114
PATA,65.174,-152.109
PATC,65.563,-167.922
PATK,62.320,-150.094
PATL,62.894,-155.976
PAUN,63.888,-160.799
PAVD,61.134,-146.248
PAWT,70.613,-159.860
PAYA,59.503,-139.660
PCIS,-2.767,0.000
PFYU,66.571,-145.250
PGRO,14.174,145.243
PGSN,15.119,145.729
PGTW,13.500,144.833
PGUA,13.584,144.930
PGUM,13.484,144.797
PGWT,14.998,145.619
PHBK,22.022,-159.787
PHDH,21.579,-158.210
PHHI,21.483,-158.039
PHHN,20.796,-156.014
PHJH,20.963,-156.674
PHKO,19.739,-156.046
PHLI,21.976,-159.339
PHMK,21.153,-157.096
PHMU,20.001,-155.668
PHNG,21.449,-157.768
PHNL,21.316,-157.927
PHNY,20.786,-156.951
PHOG,20.899,-156.431
PHSF,19.760,-155.554
PHTO,19.720,-155.049
PHUP,20.265,-155.860
PJON,16.729,-169.534
PKMA,11.341,162.328
PKMJ,7.065,171.272
PKRO,9.397,167.471
PKWA,8.720,167.731
PLCH,1.986,-157.350
PMDY,28.201,-177.381
POLI,70.499,-149.879
PPIZ,69.733,-163.005
PTKK,7.462,151.843
PTPN,6.985,158.209
PTRO,7.367,134.544
PTSA,5.357,162.958
PTYA,9.499,138.082
RCBS,24.432,118.359
RCDC,22.672,120.462
RCDI,24.855,121.237
RCFN,22.757,121.093
RCGI,22.674,121.458
RCGM,25.056,121.243
RCKH,22.575,120.351
RCKU,23.462,120.393
RCLG,24.186,120.654
RCLY,22.029,121.527
RCMQ,24.264,120.621
RCMT,26.224,120.002
RCNN,22.950,120.206
RCPO,24.818,120.939
RCQC,23.569,119.628
RCQS,22.793,121.182
RCRA,22.705,120.281
RCSQ,22.700,120.482
RCSS,25.069,121.552
RCTP,25.080,121.232
RCWA,23.371,119.494
RCYU,24.023,121.618
RJAA,35.765,140.386
RJAF,36.167,137.923
RJAH,36.181,140.415
RJAM,24.289,153.979
RJAW,24.784,141.322
RJBD,33.662,135.364
RJBK,34.591,133.933
RJCB,42.733,143.217
RJCC,42.775,141.692
RJCH,41.770,140.822
RJCJ,42.794,141.666
RJCM,43.881,144.164
RJCN,43.577,144.960
RJCO,43.116,141.380
RJCT,42.890,143.158
RJCW,45.404,141.801
RJDB,33.749,129.785
RJDC,33.930,131.279
RJDT,34.285,129.330
RJEB,44.304,143.404
RJEC,43.671,142.447
RJER,45.242,141.186
RJFA,33.883,130.653
RJFC,30.386,130.659
RJFE,32.666,128.833
RJFF,33.586,130.450
RJFG,30.547,130.950
RJFK,31.803,130.719
RJFM,31.877,131.448
RJFN,32.084,131.452
RJFO,33.479,131.737
RJFR,33.836,130.947
RJFT,32.837,130.855
RJFU,32.922,129.923
RJFY,31.367,130.845
RJFZ,33.685,131.041
RJKA,28.431,129.712
RJKB,27.425,128.701
RJKN,27.836,128.881
RJNF,36.143,136.224
RJNG,35.394,136.869
RJNH,34.750,137.703
RJNK,36.394,136.408
RJNN,35.255,136.924
RJNO,36.181,133.325
RJNT,36.648,137.187
RJNY,34.813,138.298
RJOA,34.435,132.922
RJOB,34.757,133.856
RJOC,35.414,132.890
RJOF,34.034,131.549
RJOH,35.492,133.236
RJOI,34.144,132.236
RJOK,33.544,133.671
RJOM,33.827,132.700
RJOO,34.785,135.438
RJOR,35.530,134.166
RJOS,34.133,134.606
RJOT,34.214,134.016
RJOY,34.596,135.603
RJOZ,34.045,131.052
RJSA,40.734,140.691
RJSC,38.412,140.371
RJSH,40.556,141.466
RJSI,39.431,141.136
RJSK,39.616,140.219
RJSM,40.703,141.368
RJSS,38.139,140.917
RJST,38.405,141.219
RJSY,38.812,139.787
RJTA,35.454,139.450
RJTE,34.987,139.829
RJTF,35.672,139.528
RJTH,33.115,139.786
RJTJ,35.841,139.410
RJTK,35.398,139.910
RJTL,35.799,140.011
RJTO,34.784,139.361
RJTQ,34.072,139.560
RJTR,35.514,139.394
RJTT,35.552,139.779
RJTY,35.748,139.348
RKJJ,35.126,126.810
RKJK,35.904,126.616
RKJM,34.759,126.380
RKJU,35.878,127.119
RKJY,34.840,127.615
RKNC,37.884,127.718
RKND,38.148,128.601
RKNN,37.753,128.944
RKNW,37.438,127.960
RKNY,38.061,128.669
RKPC,33.511,126.493
RKPE,35.141,128.696
RKPK,35.179,128.938
RKPP,35.171,129.129
RKPS,35.088,128.070
RKPU,35.593,129.352
RKSG,36.961,127.033
RKSM,37.446,127.114
RKSO,37.091,127.029
RKSS,37.558,126.791
RKSW,37.239,127.007
RKTH,35.988,129.420
RKTJ,35.856,129.211
RKTN,35.894,128.659
RKTU,36.716,127.499
RKTY,36.632,128.355
ROAH,26.196,127.646
RODE,26.729,127.762
RODN,26.356,127.767
ROIG,24.344,124.187
ROKJ,26.363,126.714
ROMD,25.846,131.263
ROMY,24.783,125.295
RORK,25.948,131.321
RORS,24.827,125.145
RORY,27.044,128.401
ROTM,26.274,127.756
ROYN,24.467,122.978
RPLL,14.509,121.019
RPMB,6.106,125.236
RPMC,7.165,124.210
RPML,8.414,124.611
RPMM,7.617,124.059
RPMP,7.828,123.460
RPMR,6.058,125.096
RPMS,9.758,125.481
RPMZ,6.922,122.059
RPUB,16.375,120.619
RPUD,14.129,122.980
RPUF,14.986,120.493
RPUG,16.035,120.241
RPUH,12.361,121.046
RPUI,15.326,119.969
RPUL,13.955,121.125
RPUM,13.208,120.605
RPUN,13.585,123.271
RPUO,20.452,121.980
RPUP,14.293,122.646
RPUQ,17.554,120.357
RPUS,16.596,120.303
RPUT,17.638,121.731
RPUV,13.578,124.206
RPUW,13.361,121.825
RPUY,16.930,121.753
RPUZ,16.619,121.252
RPVA,11.227,125.028
RPVB,10.643,122.929
RPVC,12.072,124.545
RPVD,9.334,123.302
RPVF,12.502,124.636
RPVG,11.036,125.743
RPVI,10.713,122.545
RPVK,11.681,122.378
RPVM,10.308,123.979
RPVO,11.056,124.566
RPVP,9.742,118.759
RPVR,11.598,122.753
RPVS,10.766,121.932
SAAC,-31.297,-57.996
SAAG,-33.006,-58.613
SAAI,-35.348,-57.294
SAAJ,-34.546,-60.931
SAAP,-31.795,-60.480
SAAR,-32.903,-60.784
SAAV,-31.712,-60.812
SABE,-34.559,-58.416
SACC,-31.007,-64.532
SACO,-31.324,-64.208
SACT,-30.345,-66.294
SADD,-34.501,-58.604
SADF,-34.453,-58.589
SADJ,-34.561,-58.789
SADL,-34.972,-57.894
SADM,-34.676,-58.642
SADP,-34.610,-58.613
SADS,-34.731,-58.599
SAHC,-37.444,-70.222
SAHR,-39.001,-67.620
SAME,-32.832,-68.793
SAMM,-35.484,-69.582
SAMQ,-32.866,-68.872
SAMR,-34.588,-68.403
SANC,-28.596,-65.752
SANE,-27.766,-64.310
SANI,-28.038,-67.580
SANL,-29.381,-66.796
SANO,-29.224,-67.439
SANT,-26.841,-65.105
SANU,-31.571,-68.418
SAOC,-33.086,-64.261
SAOD,-31.941,-65.142
SAOL,-34.135,-63.362
SAOM,-32.684,-62.158
SAOR,-33.730,-65.387
SAOU,-33.273,-66.356
SARC,-27.445,-58.762
SARE,-27.450,-59.056
SARF,-26.212,-58.228
SARI,-25.738,-54.473
SARL,-29.689,-57.152
SARM,-30.272,-57.640
SARP,-27.386,-55.971
SARS,-26.756,-60.493
SASA,-24.856,-65.486
SASJ,-24.393,-65.098
SASO,-23.153,-64.329
SASQ,-22.162,-65.570
SAST,-22.620,-63.794
SATG,-29.106,-59.219
SATK,-24.721,-60.549
SATM,-29.223,-58.088
SATO,-27.518,-55.124
SATR,-29.210,-59.691
SATU,-29.771,-57.979
SAVB,-41.943,-71.532
SAVC,-45.785,-67.466
SAVD,-42.031,-71.170
SAVE,-42.908,-71.139
SAVH,-46.538,-68.966
SAVT,-43.210,-65.270
SAVV,-40.869,-63.000
SAVY,-42.759,-65.102
SAWA,-50.335,-72.248
SAWB,-64.238,-56.631
SAWD,-47.735,-65.904
SAWE,-53.777,-67.749
SAWG,-51.609,-69.313
SAWH,-54.843,-68.296
SAWJ,-49.307,-67.802
SAWS,-44.048,-70.459
SAWT,-51.606,-72.217
SAWU,-50.016,-68.579
SAZB,-38.725,-62.169
SAZC,-37.446,-61.889
SAZD,-36.320,-57.722
SAZF,-36.891,-60.216
SAZG,-35.696,-63.758
SAZH,-38.387,-60.329
SAZI,-36.187,-61.076
SAZL,-36.542,-56.722
SAZM,-37.934,-57.573
SAZN,-38.949,-68.156
SAZO,-38.489,-58.816
SAZP,-35.846,-61.858
SAZR,-36.588,-64.275
SAZS,-41.151,-71.157
SAZT,-37.237,-59.228
SAZV,-37.235,-57.029
SAZW,-38.939,-69.264
SAZY,-40.075,-71.137
SBAA,-8.348,-49.301
SBAF,-22.875,-43.384
SBAM,2.077,-50.862
SBAQ,-21.812,-48.133
SBAR,-10.984,-37.070
SBAS,-22.638,-50.456
SBAT,-9.866,-56.106
SBAU,-21.141,-50.425
SBAV,-22.526,-52.972
SBBE,-1.379,-48.476
SBBG,-31.390,-54.112
SBBH,-19.852,-43.950
SBBI,-25.405,-49.232
SBBQ,-21.267,-43.761
SBBR,-15.862,-47.913
SBBU,-22.345,-49.054
SBBV,2.846,-60.690
SBBW,-15.861,-52.389
SBCA,-25.000,-53.501
SBCC,-9.334,-54.965
SBCF,-19.634,-43.969
SBCG,-20.469,-54.672
SBCH,-27.134,-52.656
SBCI,-7.320,-47.459
SBCM,-28.726,-49.425
SBCO,-29.946,-51.144
SBCP,-21.698,-41.302
SBCR,-19.012,-57.673
SBCT,-25.528,-49.176
SBCV,-17.652,-39.253
SBCX,-29.197,-51.188
SBCY,-15.653,-56.117
SBCZ,-7.600,-72.769
SBDN,-22.175,-51.424
SBEG,-3.039,-60.050
SBEK,-6.233,-57.777
SBES,-22.813,-42.093
SBFC,-20.592,-47.383
SBFI,-25.596,-54.487
SBFL,-27.672,-48.548
SBFN,-3.855,-32.423
SBFT,-20.278,-49.187
SBFU,-20.703,-46.335
SBFZ,-3.776,-38.532
SBGL,-22.809,-43.244
SBGM,-10.786,-65.285
SBGO,-16.631,-49.222
SBGR,-23.432,-46.469
SBGS,-25.184,-50.144
SBGW,-22.791,-45.205
SBHT,-3.254,-52.254
SBIC,-3.127,-58.481
SBIH,-4.242,-56.001
SBIL,-14.816,-39.033
SBIP,-19.471,-42.488
SBIT,-18.444,-49.213
SBIZ,-5.531,-47.460
SBJC,-1.414,-48.461
SBJF,-21.791,-43.387
SBJP,-7.270,-35.896
SBJV,-26.225,-48.797
SBKP,-23.008,-47.134
SBLJ,-27.782,-50.281
SBLN,-21.664,-49.730
SBLO,-23.334,-51.130
SBLP,-13.262,-43.408
SBLS,-19.661,-43.896
SBMA,-5.368,-49.138
SBMD,-0.890,-52.602
SBMG,-23.440,-51.907
SBMK,-16.707,-43.819
SBML,-22.197,-49.926
SBMN,-3.146,-59.986
SBMO,-9.510,-35.793
SBMQ,0.051,-51.072
SBMS,-5.202,-37.364
SBMT,-23.509,-46.638
SBMY,-5.811,-61.279
SBNF,-26.880,-48.651
SBNM,-28.282,-54.169
SBNT,-5.911,-35.248
SBOI,3.855,-51.797
SBPA,-29.994,-51.171
SBPB,-2.894,-41.732
SBPC,-21.843,-46.568
SBPF,-28.244,-52.326
SBPK,-31.718,-52.328
SBPL,-9.364,-40.564
SBPN,-10.719,-48.400
SBPP,-22.549,-55.703
SBPV,-8.709,-63.902
SBQV,-14.862,-40.863
SBRB,-9.869,-67.894
SBRF,-8.126,-34.923
SBRG,-32.083,-52.166
SBRJ,-22.910,-43.163
SBRP,-21.134,-47.774
SBSC,-22.932,-43.719
SBSJ,-23.229,-45.861
SBSL,-2.589,-44.236
SBSM,-29.711,-53.688
SBSP,-23.627,-46.655
SBSR,-20.816,-49.406
SBST,-23.925,-46.288
SBSV,-12.911,-38.331
SBTB,-1.489,-56.397
SBTE,-5.060,-42.823
SBTF,-3.383,-64.724
SBTK,-8.155,-70.783
SBTL,-24.317,-50.651
SBTS,2.223,-55.946
SBTT,-4.256,-69.936
SBTU,-3.785,-49.719
SBUA,-0.148,-66.986
SBUF,-9.401,-38.251
SBUG,-29.782,-57.038
SBUL,-18.883,-48.226
SBUP,-20.777,-51.565
SBUR,-19.765,-47.965
SBVG,-21.590,-45.473
SBVH,-12.694,-60.098
SBVT,-20.256,-40.289
SBYA,0.607,-69.186
SBYS,-21.985,-47.338
SCAC,-41.906,-73.797
SCAP,-43.615,-71.807
SCAR,-18.348,-70.339
SCBA,-45.916,-71.689
SCBQ,-33.562,-70.688
SCCC,-46.582,-71.698
SCCF,-22.499,-68.904
SCCH,-36.583,-72.032
SCCI,-53.003,-70.855
SCCY,-45.594,-72.106
SCDA,-20.535,-70.181
SCEL,-33.393,-70.786
SCFA,-23.444,-70.445
SCFM,-53.254,-70.319
SCGE,-37.402,-72.426
SCGZ,-54.931,-67.626
SCHA,-27.296,-70.414
SCIC,-34.967,-71.217
SCIE,-36.773,-73.063
SCIP,-27.165,-109.422
SCJO,-40.611,-73.060
SCLL,-28.598,-70.759
SCRG,-34.174,-70.776
SCRM,-62.191,-58.987
SCSE,-29.916,-71.191
SCSN,-33.657,-71.616
SCST,-42.491,-73.774
SCTB,-33.456,-70.547
SCTC,-38.769,-72.636
SCTE,-41.439,-73.094
SCTI,-33.493,-70.698
SCTN,-42.933,-72.699
SCVD,-39.650,-73.086
SEAM,-1.212,-78.574
SECM,-1.706,-79.379
SECO,-0.463,-76.986
SECU,-2.889,-78.984
SEGS,-0.454,-90.266
SEGU,-2.158,-79.884
SEGZ,-3.423,-78.573
SEIB,0.338,-78.136
SELA,0.092,-76.869
SELJ,-1.704,-79.552
SELM,-1.501,-79.481
SELT,-0.907,-78.616
SEMA,-4.380,-79.941
SEMC,-2.299,-78.121
SEMH,-3.269,-79.962
SEMO,-2.067,-76.975
SEMT,-0.946,-80.678
SEMX,-2.851,-79.804
SEMY,-1.740,-79.622
SEPD,0.073,-80.052
SEPV,-1.041,-80.472
SEQU,-0.141,-78.488
SERB,-1.654,-78.656
SERO,-3.435,-79.978
SESA,-2.205,-80.989
SESD,-0.248,-79.214
SEST,-0.910,-89.616
SETA,-2.261,-79.689
SETE,-0.987,-77.819
SETR,-0.123,-76.337
SETU,0.809,-77.708
SFAL,-51.686,-57.777
SGAS,-25.240,-57.519
SGAY,-27.371,-56.854
SGCO,-23.442,-57.427
SGFI,-22.360,-60.054
SGIB,-25.407,-54.619
SGME,-22.045,-60.622
SGPI,-26.881,-58.318
SKAR,4.454,-75.765
SKAS,0.505,-76.501
SKBC,9.045,-73.975
SKBG,7.126,-73.185
SKBO,4.701,-74.147
SKBQ,10.889,-74.781
SKBS,6.203,-77.394
SKBU,3.819,-76.990
SKCC,7.928,-72.511
SKCD,5.072,-76.676
SKCG,10.442,-75.513
SKCL,3.543,-76.381
SKCO,1.814,-78.749
SKCZ,9.332,-75.286
SKEJ,7.024,-73.807
SKFL,1.590,-75.564
SKGI,4.276,-74.797
SKGO,4.758,-75.956
SKGP,2.570,-77.898
SKGY,4.812,-74.065
SKIB,4.421,-75.133
SKIP,0.862,-77.672
SKLC,7.812,-76.716
SKLM,11.232,-72.490
SKLT,-4.193,-69.943
SKMD,6.220,-75.591
SKMG,9.283,-74.839
SKMR,8.824,-75.826
SKMU,1.254,-70.234
SKMZ,5.030,-75.465
SKNV,2.950,-75.294
SKOC,8.315,-73.358
SKOT,7.010,-74.715
SKPB,12.221,-71.985
SKPC,6.184,-67.493
SKPE,4.813,-75.739
SKPI,1.858,-76.086
SKPP,2.454,-76.610
SKPS,1.396,-77.291
SKPV,13.357,-81.358
SKQU,5.213,-74.884
SKRG,6.164,-75.423
SKRH,11.526,-72.926
SKSA,6.958,-71.855
SKSJ,2.579,-72.639
SKSM,11.119,-74.231
SKSP,12.583,-81.711
SKSV,2.152,-74.766
SKTD,5.430,-71.658
SKTM,6.451,-71.760
SKTU,8.074,-76.741
SKUC,7.069,-70.737
SKUI,5.691,-76.641
SKUL,4.088,-76.235
SKVP,10.435,-73.249
SKVV,4.168,-73.614
SKYP,5.319,-72.384
SLAP,-14.739,-68.411
SLAS,-15.719,-63.092
SLBJ,-22.769,-64.315
SLCA,-20.007,-63.527
SLCB,-17.421,-66.177
SLCH,-16.990,-65.141
SLCN,-17.594,-69.434
SLCO,-11.040,-68.783
SLCP,-16.143,-62.026
SLGY,-10.822,-65.346
SLJO,-13.053,-64.662
SLLP,-16.513,-68.192
SLMG,-13.254,-64.063
SLOR,-17.963,-67.076
SLPO,-19.543,-65.724
SLPS,-18.975,-57.821
SLRA,-13.264,-64.605
SLRB,-18.328,-59.766
SLRI,-11.010,-66.073
SLRQ,-14.428,-67.501
SLRY,-14.306,-67.354
SLSA,-13.762,-65.435
SLSB,-14.857,-66.737
SLSI,-16.384,-60.963
SLSM,-14.966,-65.634
SLSU,-19.007,-65.289
SLTI,-16.339,-58.402
SLTJ,-21.556,-64.701
SLTR,-14.819,-64.918
SLVR,-17.645,-63.135
SMJP,5.453,-55.188
SMZO,5.811,-55.191
SOCA,4.820,-52.360
SOOG,3.897,-51.804
SPAC,-4.607,-77.941
SPAS,-2.795,-76.466
SPAY,-10.729,-73.766
SPBB,-6.019,-76.988
SPBC,-3.917,-70.508
SPBR,-11.411,-69.489
SPCL,-8.378,-74.574
SPEO,-9.151,-78.524
SPEP,-9.768,-70.706
SPEQ,-17.179,-70.931
SPGM,-9.290,-76.006
SPHI,-6.787,-79.828
SPHO,-13.155,-74.204
SPHY,-13.706,-73.350
SPHZ,-9.347,-77.598
SPIM,-12.022,-77.114
SPJI,-7.169,-76.728
SPJJ,-11.783,-75.473
SPJL,-15.467,-70.158
SPJN,-15.357,-75.136
SPJR,-7.136,-78.490
SPLO,-17.695,-71.344
SPLP,-12.161,-76.999
SPME,-3.552,-80.381
SPMS,-5.894,-76.118
SPNC,-9.878,-76.204
SPOL,-11.929,-77.061
SPPY,-6.202,-77.856
SPQT,-3.785,-73.309
SPQU,-16.341,-71.583
SPRM,-11.129,-75.350
SPRU,-8.085,-79.109
SPSO,-13.745,-76.220
SPST,-6.509,-76.373
SPTN,-18.053,-70.276
SPTP,-4.550,-81.224
SPTU,-12.614,-69.229
SPUR,-5.206,-80.616
SPYL,-4.576,-81.254
SPZA,-14.854,-74.961
SPZO,-13.536,-71.939
SUAA,-34.789,-56.264
SUAG,-30.401,-56.508
SUCA,-34.456,-57.771
SUDU,-33.359,-56.499
SULS,-34.855,-55.094
SUMO,-32.338,-54.217
SUMU,-34.838,-56.030
SUPE,-34.914,-54.921
SUPU,-32.365,-58.061
SURV,-30.974,-55.476
SUSO,-31.440,-57.991
SUTB,-31.749,-55.926
SVAC,9.553,-69.238
SVAN,9.429,-64.471
SVAT,4.052,-67.701
SVBC,10.107,-64.689
SVBI,8.619,-70.221
SVBL,10.183,-67.557
SVBM,10.043,-69.358
SVBS,10.250,-67.649
SVCB,8.122,-63.537
SVCD,7.626,-66.165
SVCJ,9.649,-68.575
SVCL,8.924,-67.417
SVCN,6.232,-62.854
SVCO,10.176,-70.065
SVCP,10.660,-63.262
SVCR,11.415,-69.681
SVCS,10.286,-66.816
SVCU,10.450,-64.130
SVCZ,9.372,-66.923
SVED,6.715,-61.639
SVEZ,7.060,-69.497
SVGD,7.211,-70.756
SVGI,10.574,-62.313
SVGU,9.027,-69.755
SVHG,10.462,-66.093
SVIE,10.794,-63.981
SVJC,11.781,-70.152
SVJM,9.907,-67.379
SVLF,8.239,-72.271
SVLO,11.809,-66.179
SVMC,10.558,-71.728
SVMD,8.582,-71.161
SVMG,10.912,-63.966
SVMI,10.603,-66.991
SVMT,9.749,-63.152
SVPA,5.620,-67.606
SVPC,10.480,-68.073
SVPM,7.801,-72.203
SVPR,8.288,-62.760
SVPT,7.576,-70.174
SVSA,7.852,-72.435
SVSB,7.803,-71.166
SVSO,7.565,-72.035
SVSP,10.279,-68.755
SVSR,7.883,-67.444
SVST,8.945,-64.151
SVSZ,8.974,-71.943
SVTC,9.089,-62.094
SVTM,7.249,-61.529
SVVA,10.158,-67.927
SVVG,8.624,-71.673
SVVL,9.341,-70.584
SVVP,9.222,-65.993
SYKM,5.865,-60.614
SYLD,5.966,-58.270
SYLT,3.373,-59.789
TAPA,17.137,-61.792
TBPB,13.074,-59.492
TDCF,15.337,-61.392
TDPD,15.547,-61.300
TFFF,14.591,-61.003
TFFG,18.100,-63.047
TFFJ,17.900,-62.850
TFFM,15.869,-61.270
TFFR,16.265,-61.532
TGPY,12.004,-61.786
TIST,18.337,-64.973
TISX,17.702,-64.798
TJBQ,18.495,-67.129
TJFA,18.309,-65.662
TJIG,18.457,-66.098
TJMZ,18.256,-67.148
TJNR,18.245,-65.643
TJPS,18.008,-66.563
TJSJ,18.439,-66.002
TKPK,17.311,-62.719
TKPN,17.206,-62.590
TLPC,14.020,-60.993
TLPL,13.733,-60.953
TNCA,12.501,-70.015
TNCB,12.131,-68.268
TNCC,12.189,-68.960
TNCE,17.496,-62.979
TNCM,18.041,-63.109
TQPF,18.205,-63.055
TRPM,33.587,-80.209
TTCP,11.149,-60.832
TTPP,10.595,-61.337
TUPJ,18.445,-64.543
TVSB,12.988,-61.262
TVSC,12.699,-61.342
TVSM,12.887,-61.180
TVSV,13.144,-61.211
UAAA,43.352,77.040
UAAH,46.894,75.005
UACC,51.022,71.467
UAFM,43.062,74.478
UAFO,40.609,72.793
UAII,42.364,69.479
UAKD,47.708,67.733
UARR,51.152,51.546
UASS,50.351,80.234
UATE,43.860,51.092
UATT,50.245,57.203
UAUU,53.206,63.551
UBBB,40.468,50.047
UEEA,34.804,-96.671
UEEE,62.093,129.771
UERP,66.417,112.050
UGEE,40.148,44.397
UGGG,41.669,44.955
UGSS,42.858,41.128
UHBB,50.422,127.410
UHHH,48.528,135.188
UHMA,64.735,177.741
UHMD,64.380,-173.247
UHMM,59.910,150.717
UHMP,67.500,171.000
UHPP,53.166,158.453
UHSH,53.515,142.888
UHSS,46.889,142.717
UHWW,43.399,132.151
UIAA,52.026,113.305
UIBB,56.371,101.699
UIII,52.267,104.395
UIUU,51.807,107.438
UKBB,50.345,30.895
UKCC,48.073,37.740
UKDD,48.357,35.102
UKFF,45.039,33.983
UKHH,49.359,26.934
UKKK,50.402,30.452
UKLL,49.813,23.956
UKLN,48.260,25.982
UKOO,46.427,30.678
ULLI,59.800,30.265
ULMM,68.782,32.751
UMGG,52.527,31.017
UMII,55.167,30.133
UMKK,54.890,20.592
UMMM,53.864,27.539
UMMS,53.882,28.031
UNAA,53.740,91.385
UNBB,53.364,83.542
UNEE,55.270,86.107
UNOO,54.967,73.310
URKK,45.035,39.172
URML,42.817,47.652
URMM,44.225,43.082
URMT,45.109,42.113
URRR,47.258,39.818
URSS,43.446,39.947
URWA,46.283,48.006
URWW,48.782,44.345
USCC,55.303,61.507
USCM,53.393,58.760
USDD,66.590,66.610
USNN,60.950,76.467
USPP,57.917,56.026
USRR,61.250,73.500
USSS,56.741,60.804
USTO,37.132,-92.084
USUU,55.475,65.415
UTAA,37.992,58.363
UTAK,40.033,52.983
UTAV,39.083,63.613
UTDD,38.543,68.825
UTNN,42.486,59.623
UTSB,39.775,64.480
UTSS,39.701,66.985
UTST,37.286,67.308
UTTT,41.257,69.282
UUBP,53.214,34.176
UUEE,55.972,37.415
UUEM,56.825,35.758
UUOO,51.814,39.230
UUWW,55.591,37.261
UUYY,61.648,50.846
UWKD,55.608,49.277
UWOO,51.796,55.457
UWPP,28.954,-98.520
UWUU,54.557,55.874
UWWW,53.505,50.164
VAAH,23.075,72.632
VAAK,20.699,77.056
VAAU,19.863,75.398
VABB,19.089,72.868
VABI,21.989,82.111
VABJ,23.288,69.670
VABM,15.859,74.618
VABO,22.336,73.226
VABP,23.285,77.337
VABV,21.752,72.185
VADN,20.435,72.844
VADS,24.268,72.205
VAGO,15.381,73.833
VAID,22.722,75.801
VAJB,23.178,80.052
VAJJ,19.098,72.834
VAJM,22.466,70.011
VAKE,23.113,70.100
VAKJ,24.819,79.919
VAKP,16.664,74.288
VAKS,21.317,70.270
VANP,21.092,79.047
VANR,19.962,73.807
VAPO,18.582,73.919
VAPR,21.649,69.656
VARK,22.309,70.779
VARP,21.180,81.739
VASL,17.628,75.935
VASU,21.115,72.743
VAUD,24.617,73.913
VCBI,7.181,79.884
VCCA,8.301,80.428
VCCB,7.706,81.678
VCCC,6.822,79.886
VCCG,7.337,81.626
VCCJ,9.792,80.070
VCCT,8.539,81.181
VCCW,6.254,81.235
VDBG,13.096,103.224
VDKH,12.255,104.564
VDPP,11.546,104.844
VDSR,13.411,103.813
VDST,13.531,106.014
VEAN,28.175,94.802
VEAT,23.889,91.241
VEAZ,23.746,92.803
VEBD,26.681,88.328
VEBG,25.261,88.796
VEBK,23.643,86.149
VEBS,20.244,85.818
VECC,22.655,88.447
VECO,26.330,89.467
VEDB,23.834,86.425
VEDZ,27.989,94.223
VEGK,26.739,83.449
VEGT,26.106,91.585
VEGY,24.748,84.943
VEHK,21.579,84.006
VEIM,24.760,93.897
VEJH,21.913,84.050
VEJP,18.880,82.552
VEJS,22.812,86.168
VEJT,26.731,94.176
VEKM,24.135,91.811
VEKR,24.308,92.007
VEKU,24.913,92.979
VELR,27.291,94.097
VEMN,27.483,95.017
VEMZ,26.120,85.313
VENP,20.870,82.519
VEPG,28.066,95.336
VEPH,23.474,87.428
VEPT,25.591,85.088
VEPU,25.760,87.409
VERC,23.315,85.321
VERK,22.256,84.814
VEUK,20.098,83.183
VEZO,27.588,93.828
VGCB,21.452,91.964
VGEG,22.249,91.813
VGIS,24.152,89.049
VGJR,23.184,89.161
VGRJ,24.437,88.616
VGSD,25.759,88.909
VGSY,24.963,91.867
VGTJ,23.778,90.382
VGZR,23.843,90.398
VHHH,22.309,113.914
VHSK,22.436,114.080
VIAG,27.156,77.961
VIAL,25.439,81.734
VIAR,31.707,74.799
VIBK,28.072,73.207
VIBL,26.988,80.893
VIBN,25.452,82.859
VIBR,31.882,77.184
VIBT,30.270,74.756
VIBW,28.837,76.178
VIBY,28.422,79.450
VICG,30.673,76.788
VICX,26.404,80.410
VIDD,28.584,77.205
VIDN,30.187,78.180
VIDP,28.566,77.103
VIGN,24.654,77.347
VIGR,26.294,78.228
VIHR,29.181,75.753
VIJN,25.490,78.559
VIJO,26.251,73.048
VIJP,26.824,75.810
VIJR,26.889,70.864
VIJU,32.690,74.838
VIKA,26.441,80.363
VIKO,25.161,75.845
VILD,30.854,75.951
VILH,34.136,77.546
VILK,26.761,80.886
VIPK,32.234,75.634
VIPL,30.315,76.363
VIPT,29.033,79.474
VIRB,26.250,81.381
VISM,31.082,77.058
VISP,29.994,77.424
VISR,33.987,74.774
VLHS,20.257,100.437
VLLB,19.897,102.161
VLPS,15.132,105.781
VLPV,19.455,103.218
VLSK,16.556,104.759
VLVT,17.988,102.563
VMMC,22.149,113.591
VNBW,27.506,83.416
VNCG,26.571,88.079
VNJP,26.709,85.922
VNKT,27.696,85.359
VNNG,28.104,81.667
VNPK,28.200,83.981
VNSI,27.159,84.980
VNVT,26.483,87.264
VOAT,10.823,72.176
VOBG,12.950,77.668
VOBR,17.908,77.486
VOBZ,16.530,80.797
VOCB,11.031,77.044
VOCL,11.136,75.955
VOCP,14.510,78.773
VOCX,9.153,92.819
VODG,17.629,78.403
VOHY,17.452,78.461
VOMD,9.834,78.093
VOML,12.960,74.893
VOMM,12.994,80.180
VONS,16.541,79.318
VOPB,11.646,92.733
VORY,17.109,81.818
VOSM,11.782,78.065
VOTJ,10.720,79.104
VOTP,13.632,79.543
VOTR,10.765,78.709
VOTV,8.482,76.918
VOTX,12.907,80.121
VOWA,17.918,79.599
VQPR,27.403,89.426
VRMM,4.192,73.529
VTBD,13.912,100.607
VTBK,14.102,99.917
VTBL,14.874,100.663
VTBU,12.680,101.005
VTBW,13.769,102.315
VTCB,19.497,100.286
VTCL,18.272,99.504
VTCP,18.132,100.164
VTPH,12.634,99.951
VTPI,15.277,100.296
VTPL,16.821,101.254
VTPM,16.700,98.545
VTPN,15.673,100.137
VTPP,16.783,100.279
VTPU,17.674,100.235
VTPY,17.234,99.058
VTSC,6.520,101.743
VTSG,8.099,98.986
VTSH,7.186,100.608
VTSK,6.785,101.153
VTSM,9.548,100.062
VTSN,8.471,99.956
VTSP,8.113,98.317
VTSR,9.778,98.585
VTSS,6.933,100.393
VTST,7.509,99.616
VTSY,6.527,101.242
VTUD,17.386,102.788
VTUI,17.195,104.119
VTUJ,14.869,103.489
VTUL,17.439,101.722
VTUN,14.934,102.079
VTUP,17.412,104.777
VTUW,17.384,104.643
VVDN,16.044,108.199
VVNB,21.222,105.806
VVNT,12.218,109.200
VVTS,10.820,106.662
VYBG,21.182,94.929
VYBM,24.269,97.246
VYCI,14.141,93.368
VYDW,14.098,98.202
VYHH,20.743,96.792
VYKG,21.301,99.637
VYKL,23.189,94.051
VYKP,19.427,93.534
VYKT,10.049,98.538
VYLK,19.692,97.215
VYLS,22.977,97.752
VYLY,20.940,94.822
VYMD,21.702,95.978
VYME,12.443,98.621
VYMK,25.383,97.353
VYMM,16.445,97.661
VYMO,23.092,96.645
VYMS,20.517,99.257
VYNP,25.354,97.295
VYNS,20.890,97.736
VYPA,16.894,97.675
VYPN,16.813,94.775
VYPT,27.330,97.426
VYPY,18.824,95.266
VYST,20.942,95.914
VYSW,20.133,92.872
VYTD,18.461,94.299
VYTL,20.484,99.935
VYTO,19.031,96.401
VYYY,16.907,96.133
WAAA,-5.062,119.554
WAAL,-4.317,122.467
WAAM,-2.558,120.324
WAAS,-2.529,121.357
WAAT,-3.045,119.822
WAAU,-4.082,122.417
WABB,-1.190,136.108
WABI,-3.368,135.496
WABP,-4.528,136.887
WAJJ,-2.577,140.516
WAJW,-4.096,138.952
WAKK,-8.520,140.418
WAMG,0.637,122.852
WAMH,3.683,125.528
WAML,-0.918,119.909
WAMM,1.549,124.926
WAMP,-1.417,120.657
WAMT,0.832,127.381
WAMW,-1.039,122.772
WAPL,-5.661,132.731
WAPP,-3.709,128.090
WASK,-3.644,133.695
WASR,-0.880,134.050
WASS,-0.926,131.120
WBGB,3.172,113.044
WBGG,1.485,110.346
WBGM,4.178,114.331
WBGR,4.325,113.988
WBGS,2.264,111.983
WBKD,5.032,118.324
WBKK,5.937,116.051
WBKL,5.301,115.250
WBKW,4.313,118.122
WBSB,4.946,114.928
WIAA,5.874,95.339
WIAM,-7.346,108.246
WIAR,-7.616,111.434
WIAS,-7.926,112.714
WIBB,0.461,101.444
WIBD,1.609,101.433
WIIA,-6.293,106.570
WIIB,-6.901,107.576
WIIC,-6.756,108.539
WIIH,-6.266,106.891
WIII,-6.126,106.656
WIIJ,-7.788,110.432
WIIL,-7.645,109.034
WIIP,-6.337,106.764
WIIS,-6.973,110.375
WIIT,-5.242,105.179
WIKB,1.121,104.119
WIKD,-2.746,107.755
WIKK,-2.163,106.139
WIKN,0.922,104.532
WIKS,-0.479,104.579
WIMB,1.166,97.703
WIME,1.399,99.432
WIMG,-0.876,100.352
WIMM,3.558,98.672
WIMS,1.555,98.890
WIOG,-0.349,111.748
WIOK,-1.816,109.963
WION,3.909,108.388
WIOO,-0.151,109.404
WIOP,0.836,112.936
WIOS,0.064,111.475
WIPA,-1.638,103.644
WIPL,-3.864,102.341
WIPP,-2.898,104.701
WIPQ,-3.286,103.879
WIPR,-0.353,102.335
WIPU,-2.542,101.088
WITL,5.069,97.259
WITM,5.227,96.950
WITT,5.523,95.420
WMAP,2.041,103.307
WMBT,2.818,104.160
WMKA,6.194,100.403
WMKB,5.466,100.391
WMKC,6.166,102.294
WMKD,3.775,103.209
WMKE,4.537,103.426
WMKF,3.112,101.703
WMKI,4.568,101.092
WMKJ,1.641,103.669
WMKK,2.746,101.710
WMKL,6.330,99.729
WMKM,2.263,102.251
WMKN,5.382,103.103
WMKP,5.297,100.277
WPDB,-9.303,125.287
WPEC,-8.485,126.399
WRBB,-3.442,114.761
WRBC,-3.413,115.996
WRBI,-2.705,111.673
WRBP,-2.225,113.943
WRBS,-2.501,112.977
WRKC,-8.641,122.237
WRKE,-8.849,121.662
WRKG,-8.596,120.478
WRKK,-10.171,123.671
WRKO,-8.486,119.889
WRLK,2.154,117.432
WRLL,-1.268,116.894
WRLR,3.326,117.566
WRLS,-0.484,117.157
WRLT,-0.093,117.439
WRRA,-8.561,116.094
WRRB,-8.539,118.687
WRRR,-8.748,115.167
WRRS,-8.489,117.412
WRRT,-9.409,119.246
WRRW,-9.670,120.304
WRSJ,-7.380,112.787
WRSQ,-7.516,110.757
WSAG,1.424,103.811
WSAP,1.360,103.909
WSAT,1.387,103.709
WSSL,1.417,103.867
WSSS,1.356,103.987
YBAF,-27.570,153.008
YBAM,-10.951,142.459
YBAS,-23.807,133.902
YBBN,-27.384,153.118
YBCG,-28.164,153.505
YBCS,-16.886,145.755
YBCV,-26.413,146.262
YBMA,-20.664,139.489
YBMC,-26.603,153.091
YBMK,-21.172,149.180
YBOK,-27.411,151.735
YBPN,-20.495,148.552
YBRK,-23.382,150.475
YBTL,-19.253,146.765
YBWP,-12.679,141.925
YMAV,-38.039,144.469
YMAY,-36.068,146.958
YMEN,-37.728,144.902
YMES,-38.099,147.149
YMHB,-42.836,147.510
YMLT,-41.545,147.214
YMMB,-37.976,145.102
YMML,-37.673,144.843
YMPC,-37.932,144.753
YPAD,-34.945,138.531
YPAG,-32.507,137.717
YPED,-34.703,138.621
YPJT,-32.097,115.881
YPKA,-20.712,116.773
YPKG,-30.789,121.462
YPKU,-15.778,128.707
YPLM,-22.236,114.089
YPPD,-20.378,118.626
YPPF,-34.793,138.633
YPPH,-31.940,115.967
YPWR,-31.144,136.817
YPXM,-10.451,105.690
YSBK,-33.924,150.988
YSCB,-35.308,149.194
YSCH,-30.321,153.116
YSCN,-34.040,150.687
YSDU,-32.217,148.575
YSNF,-29.041,167.939
YSRI,-33.601,150.781
YSSY,-33.946,151.177
YSTW,-31.084,150.847
YSWG,-35.165,147.466
ZBAA,40.080,116.584
ZBHH,40.853,111.822
ZBLA,49.205,119.825
ZBSJ,38.281,114.696
ZBTJ,39.124,117.346
ZBYN,37.747,112.629
ZGGG,23.184,113.266
ZGHA,28.189,113.219
ZGKL,25.218,110.039
ZGNN,22.608,108.172
ZGOW,23.400,116.683
ZGSZ,22.639,113.812
ZHCC,34.519,113.841
ZHHH,30.784,114.208
ZHYC,30.552,111.469
ZKPY,39.033,125.783
ZLLL,36.517,103.622
ZLXY,34.446,108.752
ZMUB,47.843,106.766
ZPJH,21.975,100.760
ZPPP,24.992,102.743
ZSAM,24.544,118.127
ZSCN,28.600,115.917
ZSFZ,25.933,119.662
ZSHC,30.228,120.432
ZSNB,29.825,121.465
ZSNJ,31.740,118.860
ZSOF,31.780,117.298
ZSQD,36.263,120.375
ZSSS,31.198,121.336
ZSYT,37.402,121.372
ZUCK,29.719,106.641
ZUUU,30.578,103.947
ZUXC,27.989,102.184
ZWSH,39.543,76.022
ZWTN,37.038,79.866
ZWWW,43.907,87.474
ZYHB,45.623,126.250
ZYJM,46.843,130.465
ZYMD,44.524,129.569
ZYTL,38.966,121.538
ZYYJ,42.882,129.448
